main_crops_common_names,scientific_name,production unit,conversion factor (to convert to kilograms),max yields in database (production_unit/ha),locally attainable yields (kg/ha) - WATER-LIMITED (RAINFED),locally attainable yields (kg/ha) -  (IRRIGATED),yield data source,max fertilizers in database (kg/ha),locally recommended fertilizer applications - RAINFED (kg/ha),locally recommended fertilizer applications - IRRIGATED (kg/ha),fertilizer data source,average national annual income (in local currency),income data source,yield_conversion_unit_to_kg,yield_ref_rainfed_clean,yield_ref_irr_clean,nut_ref_rainfed_clean,nut_ref_irr_clean,income_ref_clean,currency_local,currency_exchange_local_to_usd,exchange_rate_source
Agroforestry,,Pieces,,1729.736,,,,,,,,"179,580",https://data.worldbank.org/indicator/NY.GNP.PCAP.KN?locations=KE,,,,,,"179,580",KES,0.00773356,https://www.xe.com/currencycharts/?from=KES&to=USD
Amaranthus,,Kilograms,1,3669512,1550,3750,https://kephis.go.ke/sites/default/files/slider/NATIONAL%20CROP%20VARIETY%20LIST%202024%20EDITION%20(1).pdf,100 (N) ,87.5 (N) ,,http://dx.doi.org/10.5539/jas.v4n1p223 ,"179,581",https://data.worldbank.org/indicator/NY.GNP.PCAP.KN?locations=KE,1,1550,3750,87.5,,"179,581",KES,0.00773356,https://www.xe.com/currencycharts/?from=KES&to=USD
Apple,,Kilograms,1,667.1839,,3600,https://kephis.go.ke/sites/default/files/slider/NATIONAL%20CROP%20VARIETY%20LIST%202024%20EDITION%20(1).pdf,,,,,"179,582",https://data.worldbank.org/indicator/NY.GNP.PCAP.KN?locations=KE,1,,3600,,,"179,582",KES,0.00773356,https://www.xe.com/currencycharts/?from=KES&to=USD
Arrowroot,,Bunches,,2634.141,,,,,,,,"179,583",https://data.worldbank.org/indicator/NY.GNP.PCAP.KN?locations=KE,,,,,,"179,583",KES,0.00773356,https://www.xe.com/currencycharts/?from=KES&to=USD
Arrowroot,,Kilograms,1,4633.222,,,,,,,,"179,584",https://data.worldbank.org/indicator/NY.GNP.PCAP.KN?locations=KE,1,,,,,"179,584",KES,0.00773356,https://www.xe.com/currencycharts/?from=KES&to=USD
Arrowroot,,Numbers,,1383.789,,,,,,,,"179,585",https://data.worldbank.org/indicator/NY.GNP.PCAP.KN?locations=KE,,,,,,"179,585",KES,0.00773356,https://www.xe.com/currencycharts/?from=KES&to=USD
Arrowroot,,Pieces,,11440.05,,,,,,,,"179,586",https://data.worldbank.org/indicator/NY.GNP.PCAP.KN?locations=KE,,,,,,"179,586",KES,0.00773356,https://www.xe.com/currencycharts/?from=KES&to=USD
Avocado,,Kilograms,1,247105.2,,,,,,,,"179,587",https://data.worldbank.org/indicator/NY.GNP.PCAP.KN?locations=KE,1,,,,,"179,587",KES,0.00773356,https://www.xe.com/currencycharts/?from=KES&to=USD
Avocado,,Numbers,,617762.9,,,,,,,,"179,588",https://data.worldbank.org/indicator/NY.GNP.PCAP.KN?locations=KE,,,,,,"179,588",KES,0.00773356,https://www.xe.com/currencycharts/?from=KES&to=USD
Avocado,,Pieces,,-,,,,,,,,"179,589",https://data.worldbank.org/indicator/NY.GNP.PCAP.KN?locations=KE,,,,,,"179,589",KES,0.00773356,https://www.xe.com/currencycharts/?from=KES&to=USD
Banana,,Banch,,118.6105,,,,,,,,"179,590",https://data.worldbank.org/indicator/NY.GNP.PCAP.KN?locations=KE,,,,,,"179,590",KES,0.00773356,https://www.xe.com/currencycharts/?from=KES&to=USD
Banana,,Bunches,,395.3683,,,,,,,,"179,591",https://data.worldbank.org/indicator/NY.GNP.PCAP.KN?locations=KE,,,,,,"179,591",KES,0.00773356,https://www.xe.com/currencycharts/?from=KES&to=USD
Banana,,Kilograms,1,16473.68,,,,,333.4 (DAP or SSP or NPK; 20:20:0; i.e 200 g of phosphate fertilizer per hole) or 33333 (manure/tithonia i.e 20 kg manure per hole),,https://www.kalro.org/navcdp/docs/banana/BANANA%20AGRONOMY%20%20Pamphlet.pdf,"179,592",https://data.worldbank.org/indicator/NY.GNP.PCAP.KN?locations=KE,1,,,333.4,,"179,592",KES,0.00773356,https://www.xe.com/currencycharts/?from=KES&to=USD
Banana,,Numbers,,3706.577,,,,,,,,"179,593",https://data.worldbank.org/indicator/NY.GNP.PCAP.KN?locations=KE,,,,,,"179,593",KES,0.00773356,https://www.xe.com/currencycharts/?from=KES&to=USD
Banana,,Pieces,,16944.35,,,,,,,,"179,594",https://data.worldbank.org/indicator/NY.GNP.PCAP.KN?locations=KE,,,,,,"179,594",KES,0.00773356,https://www.xe.com/currencycharts/?from=KES&to=USD
Banana,,Plant units,,988.4207,,,,,,,,"179,595",https://data.worldbank.org/indicator/NY.GNP.PCAP.KN?locations=KE,,,,,,"179,595",KES,0.00773356,https://www.xe.com/currencycharts/?from=KES&to=USD
Banana,,Stalk,,247.1052,,,,,,,,"179,596",https://data.worldbank.org/indicator/NY.GNP.PCAP.KN?locations=KE,,,,,,"179,596",KES,0.00773356,https://www.xe.com/currencycharts/?from=KES&to=USD
Beans,,100th bag,,1.647368,,,,,,,,"179,597",https://data.worldbank.org/indicator/NY.GNP.PCAP.KN?locations=KE,,,,,,"179,597",KES,0.00773356,https://www.xe.com/currencycharts/?from=KES&to=USD
Beans,,Bag,,2.471052,1501,2011,https://kephis.go.ke/sites/default/files/slider/NATIONAL%20CROP%20VARIETY%20LIST%202024%20EDITION%20(1).pdf ,,50 (N) and 75 (P) ,,"https://scihub.org/ABJNA/PDF/2012/4/ABJNA-3-4-154-168.pdf and https://doi.org/10.1007/BF01986276, respectively","179,598",https://data.worldbank.org/indicator/NY.GNP.PCAP.KN?locations=KE,,1501,2011,125,,"179,598",KES,0.00773356,https://www.xe.com/currencycharts/?from=KES&to=USD
Beans,,Bucket,,37.06577,,,,,,,,"179,599",https://data.worldbank.org/indicator/NY.GNP.PCAP.KN?locations=KE,,,,,,"179,599",KES,0.00773356,https://www.xe.com/currencycharts/?from=KES&to=USD
Beans,,Debe,,14.82631,,,,,,,,"179,600",https://data.worldbank.org/indicator/NY.GNP.PCAP.KN?locations=KE,,,,,,"179,600",KES,0.00773356,https://www.xe.com/currencycharts/?from=KES&to=USD
Beans,,Gorogoro,,65.89471,,,,,,,,"179,601",https://data.worldbank.org/indicator/NY.GNP.PCAP.KN?locations=KE,,,,,,"179,601",KES,0.00773356,https://www.xe.com/currencycharts/?from=KES&to=USD
Beans,,Kilograms,1,7668.781,1065,,https://citeseerx.ist.psu.edu/document?repid=rep1&type=pdf&doi=f7c92bd886910096c6d81105402bf0eeca16dee3,,5000 (manure) + 100 (DAP) or 200 (DAP alone),,https://www.researchgate.net/publication/333703385_Effect_of_fertilizers_and_harvesting_method_on_yield_of_cowpea,"179,602",https://data.worldbank.org/indicator/NY.GNP.PCAP.KN?locations=KE,1,1065,,200,,"179,602",KES,0.00773356,https://www.xe.com/currencycharts/?from=KES&to=USD
Beans,,Tins,,889.5786,,,,,,,,"179,603",https://data.worldbank.org/indicator/NY.GNP.PCAP.KN?locations=KE,,,,,,"179,603",KES,0.00773356,https://www.xe.com/currencycharts/?from=KES&to=USD
Black nightshade,,Kilograms,1,194595.3,20000,40000,https://kephis.go.ke/sites/default/files/slider/NATIONAL%20CROP%20VARIETY%20LIST%202024%20EDITION%20(1).pdf ,,4000 - 8000 FYM or compost,,,"179,604",https://data.worldbank.org/indicator/NY.GNP.PCAP.KN?locations=KE,1,20000,40000,8000,,"179,604",KES,0.00773356,https://www.xe.com/currencycharts/?from=KES&to=USD
Butternut,,Kilograms,1,4942.103,,,,,,,,"179,605",https://data.worldbank.org/indicator/NY.GNP.PCAP.KN?locations=KE,1,,,,,"179,605",KES,0.00773356,https://www.xe.com/currencycharts/?from=KES&to=USD
Cabbage,,150 pieces,,3459.472,,,,,,,,"179,606",https://data.worldbank.org/indicator/NY.GNP.PCAP.KN?locations=KE,,,,,,"179,606",KES,0.00773356,https://www.xe.com/currencycharts/?from=KES&to=USD
Cabbage,,Kilograms,1,104772.6,,,https://kephis.go.ke/sites/default/files/slider/NATIONAL%20CROP%20VARIETY%20LIST%202024%20EDITION%20(1).pdf ,,125 (DAP) + 150 (CAN) or 5000 (FYM/compost) + 75 (DAP) + 75 (CAN),,https://statistics.kilimo.go.ke/files/bookpage/KARI_Use_of_Organic_and_anorganic_fertilizers_MaizeVegetables_finger_millet_kenya_.pdf  ,"179,607",https://data.worldbank.org/indicator/NY.GNP.PCAP.KN?locations=KE,1,,,275,,"179,607",KES,0.00773356,https://www.xe.com/currencycharts/?from=KES&to=USD
Cabbage,,Numbers,,27033.3,,,,,,,,"179,608",https://data.worldbank.org/indicator/NY.GNP.PCAP.KN?locations=KE,,,,,,"179,608",KES,0.00773356,https://www.xe.com/currencycharts/?from=KES&to=USD
Cabbage,,Pieces,,125611.8,,,,,,,,"179,609",https://data.worldbank.org/indicator/NY.GNP.PCAP.KN?locations=KE,,,,,,"179,609",KES,0.00773356,https://www.xe.com/currencycharts/?from=KES&to=USD
Cabbage,,Plant units,,8401.576,,,,,,,,"179,610",https://data.worldbank.org/indicator/NY.GNP.PCAP.KN?locations=KE,,,,,,"179,610",KES,0.00773356,https://www.xe.com/currencycharts/?from=KES&to=USD
Capsicum,,Kilograms,1,247.1052,,5250,https://kephis.go.ke/sites/default/files/slider/NATIONAL%20CROP%20VARIETY%20LIST%202024%20EDITION%20(1).pdf ,,96 (N) and 50 (P2O5) ,,https://doi.org/10.9734/ACRI/2017/33101,"179,611",https://data.worldbank.org/indicator/NY.GNP.PCAP.KN?locations=KE,1,,5250,146,,"179,611",KES,0.00773356,https://www.xe.com/currencycharts/?from=KES&to=USD
Capsicum,,Numbers,,149449.2,,,,,,,,"179,612",https://data.worldbank.org/indicator/NY.GNP.PCAP.KN?locations=KE,,,,,,"179,612",KES,0.00773356,https://www.xe.com/currencycharts/?from=KES&to=USD
Carrots,,Kilograms,1,10674.94,,,,,,,,"179,613",https://data.worldbank.org/indicator/NY.GNP.PCAP.KN?locations=KE,1,,,,,"179,613",KES,0.00773356,https://www.xe.com/currencycharts/?from=KES&to=USD
Cassava,,Kilograms,1,17297.36,,,,,,,,"179,614",https://data.worldbank.org/indicator/NY.GNP.PCAP.KN?locations=KE,1,,,,,"179,614",KES,0.00773356,https://www.xe.com/currencycharts/?from=KES&to=USD
Cassava,,Pieces,,19768.41,,,,,,,,"179,615",https://data.worldbank.org/indicator/NY.GNP.PCAP.KN?locations=KE,,,,,,"179,615",KES,0.00773356,https://www.xe.com/currencycharts/?from=KES&to=USD
Chilli,,Kilograms,1,17297.36,,,,,,,,"179,616",https://data.worldbank.org/indicator/NY.GNP.PCAP.KN?locations=KE,1,,,,,"179,616",KES,0.00773356,https://www.xe.com/currencycharts/?from=KES&to=USD
Coffee,,Kilograms,1,26687.36,,,,,,,,"179,617",https://data.worldbank.org/indicator/NY.GNP.PCAP.KN?locations=KE,1,,,,,"179,617",KES,0.00773356,https://www.xe.com/currencycharts/?from=KES&to=USD
Coriander,,Acre,,2.471052,,,,,,,,"179,618",https://data.worldbank.org/indicator/NY.GNP.PCAP.KN?locations=KE,,,,,,"179,618",KES,0.00773356,https://www.xe.com/currencycharts/?from=KES&to=USD
Coriander,,Bunches,,79073.65,2000,4000,https://kephis.go.ke/sites/default/files/slider/NATIONAL%20CROP%20VARIETY%20LIST%202024%20EDITION%20(1).pdf ,,,,,"179,619",https://data.worldbank.org/indicator/NY.GNP.PCAP.KN?locations=KE,,2000,4000,,,"179,619",KES,0.00773356,https://www.xe.com/currencycharts/?from=KES&to=USD
Coriander,,Kilograms,1,1606.184,1200,1500,https://kephis.go.ke/sites/default/files/slider/NATIONAL%20CROP%20VARIETY%20LIST%202024%20EDITION%20(1).pdf,,,,,"179,620",https://data.worldbank.org/indicator/NY.GNP.PCAP.KN?locations=KE,1,1200,1500,,,"179,620",KES,0.00773356,https://www.xe.com/currencycharts/?from=KES&to=USD
Courgette,,Kilograms,1,63423.66,,,,,,,,"179,621",https://data.worldbank.org/indicator/NY.GNP.PCAP.KN?locations=KE,1,,,,,"179,621",KES,0.00773356,https://www.xe.com/currencycharts/?from=KES&to=USD
Courgette,,Pieces,,889.5786,,,,,,,,"179,622",https://data.worldbank.org/indicator/NY.GNP.PCAP.KN?locations=KE,,,,,,"179,622",KES,0.00773356,https://www.xe.com/currencycharts/?from=KES&to=USD
Cowpeas,,Kilograms,1,22239.46,1618,2350,https://kephis.go.ke/sites/default/files/slider/NATIONAL%20CROP%20VARIETY%20LIST%202024%20EDITION%20(1).pdf ,,7.2 (N) + 50 (DAP),,https://statistics.kilimo.go.ke/files/bookpage/KARI_Use_of_Organic_and_anorganic_fertilizers_MaizeVegetables_finger_millet_kenya_.pdf ,"179,623",https://data.worldbank.org/indicator/NY.GNP.PCAP.KN?locations=KE,1,1618,2350,57.5,,"179,623",KES,0.00773356,https://www.xe.com/currencycharts/?from=KES&to=USD
Cowpeas leaves,,Kilograms,1,1945.953,12000,15000,https://kephis.go.ke/sites/default/files/slider/NATIONAL%20CROP%20VARIETY%20LIST%202024%20EDITION%20(1).pdf ,,,,,"179,624",https://data.worldbank.org/indicator/NY.GNP.PCAP.KN?locations=KE,1,12000,15000,,,"179,624",KES,0.00773356,https://www.xe.com/currencycharts/?from=KES&to=USD
Eggplant,,Kilograms,1,1853.289,,,,,,,,"179,625",https://data.worldbank.org/indicator/NY.GNP.PCAP.KN?locations=KE,1,,,,,"179,625",KES,0.00773356,https://www.xe.com/currencycharts/?from=KES&to=USD
Ethiopian kale,,Acre,,2.471052,,,,,,,,"179,626",https://data.worldbank.org/indicator/NY.GNP.PCAP.KN?locations=KE,,,,,,"179,626",KES,0.00773356,https://www.xe.com/currencycharts/?from=KES&to=USD
Ethiopian kale,,Kilograms,1,53374.72,50000,60000,https://kephis.go.ke/sites/default/files/slider/NATIONAL%20CROP%20VARIETY%20LIST%202024%20EDITION%20(1).pdf,,,,,"179,627",https://data.worldbank.org/indicator/NY.GNP.PCAP.KN?locations=KE,1,50000,60000,,,"179,627",KES,0.00773356,https://www.xe.com/currencycharts/?from=KES&to=USD
Fodder maize,,Heaps,,1186.105,,,,,,,,"179,628",https://data.worldbank.org/indicator/NY.GNP.PCAP.KN?locations=KE,,,,,,"179,628",KES,0.00773356,https://www.xe.com/currencycharts/?from=KES&to=USD
Gojets,,Kilograms,1,17516.32,,,,,,,,"179,629",https://data.worldbank.org/indicator/NY.GNP.PCAP.KN?locations=KE,1,,,,,"179,629",KES,0.00773356,https://www.xe.com/currencycharts/?from=KES&to=USD
Green chilli,,Kilograms,1,296.5262,,,,,,,,"179,630",https://data.worldbank.org/indicator/NY.GNP.PCAP.KN?locations=KE,1,,,,,"179,630",KES,0.00773356,https://www.xe.com/currencycharts/?from=KES&to=USD
Green gram,,Kilograms,1,2446.341,1833,2233,https://kephis.go.ke/sites/default/files/slider/NATIONAL%20CROP%20VARIETY%20LIST%202024%20EDITION%20(1).pdf ,,124 (NPK),,https://www.kalro.org/navcdp/docs/Soil-Fertility-management-18.6.21-1.pdf#page=20.08 ,"179,631",https://data.worldbank.org/indicator/NY.GNP.PCAP.KN?locations=KE,1,1833,2233,124,,"179,631",KES,0.00773356,https://www.xe.com/currencycharts/?from=KES&to=USD
Green peas,,Kilograms,1,790.7365,1800,3200,https://kephis.go.ke/sites/default/files/slider/NATIONAL%20CROP%20VARIETY%20LIST%202024%20EDITION%20(1).pdf ,,,,,"179,632",https://data.worldbank.org/indicator/NY.GNP.PCAP.KN?locations=KE,1,1800,3200,,,"179,632",KES,0.00773356,https://www.xe.com/currencycharts/?from=KES&to=USD
Guava,,Pieces,,123552.6,,,,,,,,"179,633",https://data.worldbank.org/indicator/NY.GNP.PCAP.KN?locations=KE,,,,,,"179,633",KES,0.00773356,https://www.xe.com/currencycharts/?from=KES&to=USD
Hay,,Bales,,533.3333,,,,,,,123.5525,"179,634",https://data.worldbank.org/indicator/NY.GNP.PCAP.KN?locations=KE,,,,,,"179,634",KES,0.00773356,https://www.xe.com/currencycharts/?from=KES&to=USD
Honey,,Kilograms,1,397839.3,,,,,,,,"179,635",https://data.worldbank.org/indicator/NY.GNP.PCAP.KN?locations=KE,1,,,,,"179,635",KES,0.00773356,https://www.xe.com/currencycharts/?from=KES&to=USD
Irish potatoes,,Bucket,,39.53683,,,,,,,,"179,636",https://data.worldbank.org/indicator/NY.GNP.PCAP.KN?locations=KE,,,,,,"179,636",KES,0.00773356,https://www.xe.com/currencycharts/?from=KES&to=USD
Irish potatoes,,Debe,,6435.03,,,,,,,,"179,637",https://data.worldbank.org/indicator/NY.GNP.PCAP.KN?locations=KE,,,,,,"179,637",KES,0.00773356,https://www.xe.com/currencycharts/?from=KES&to=USD
Irish potatoes,,Kilograms,1,41184.19,31566,39363,https://kephis.go.ke/sites/default/files/slider/NATIONAL%20CROP%20VARIETY%20LIST%202024%20EDITION%20(1).pdf ,220 (DAP),,,https://www.apni.net/wp-content/uploads/2021/08/Kenya-Potato-Guide-0821-.pdf ,"179,638",https://data.worldbank.org/indicator/NY.GNP.PCAP.KN?locations=KE,1,31566,39363,,,"179,638",KES,0.00773356,https://www.xe.com/currencycharts/?from=KES&to=USD
Kales,,Bag,,494.2103,,,,,,,,"179,639",https://data.worldbank.org/indicator/NY.GNP.PCAP.KN?locations=KE,,,,,,"179,639",KES,0.00773356,https://www.xe.com/currencycharts/?from=KES&to=USD
Kales,,Bunches,,213498.9,,,,,,,,"179,640",https://data.worldbank.org/indicator/NY.GNP.PCAP.KN?locations=KE,,,,,,"179,640",KES,0.00773356,https://www.xe.com/currencycharts/?from=KES&to=USD
Kales,,Kilograms,1,714035.1,105000,231750,https://kephis.go.ke/sites/default/files/slider/NATIONAL%20CROP%20VARIETY%20LIST%202024%20EDITION%20(1).pdf ,,125 (DAP) + 150 (CAN) or 5000 (FYM/compost) + 75 (DAP) + 75 (CAN),,https://statistics.kilimo.go.ke/files/bookpage/KARI_Use_of_Organic_and_anorganic_fertilizers_MaizeVegetables_finger_millet_kenya_.pdf  ,"179,641",https://data.worldbank.org/indicator/NY.GNP.PCAP.KN?locations=KE,1,105000,231750,275,,"179,641",KES,0.00773356,https://www.xe.com/currencycharts/?from=KES&to=USD
Kanzira,,Kilograms,1,6671.839,,,,,,,,"179,642",https://data.worldbank.org/indicator/NY.GNP.PCAP.KN?locations=KE,1,,,,,"179,642",KES,0.00773356,https://www.xe.com/currencycharts/?from=KES&to=USD
Kunde,,Kilograms,1,1148.215,1528,2350,,,,,,"179,643",https://data.worldbank.org/indicator/NY.GNP.PCAP.KN?locations=KE,1,1528,2350,,,"179,643",KES,0.00773356,https://www.xe.com/currencycharts/?from=KES&to=USD
Lemon,,Kilograms,1,1482.631,,,,,,,,"179,644",https://data.worldbank.org/indicator/NY.GNP.PCAP.KN?locations=KE,1,,,,,"179,644",KES,0.00773356,https://www.xe.com/currencycharts/?from=KES&to=USD
Macadamia,,Kilograms,1,4151.367,42500 kg/tree/year,58750 kg/tree/year,https://kephis.go.ke/sites/default/files/slider/NATIONAL%20CROP%20VARIETY%20LIST%202024%20EDITION%20(1).pdf ,,,,,"179,645",https://data.worldbank.org/indicator/NY.GNP.PCAP.KN?locations=KE,1,42500 kg/tree/year,58750 kg/tree/year,,,"179,645",KES,0.00773356,https://www.xe.com/currencycharts/?from=KES&to=USD
Maize,,100th bag,,19.76841,,,,,,,,"179,646",https://data.worldbank.org/indicator/NY.GNP.PCAP.KN?locations=KE,,,,,,"179,646",KES,0.00773356,https://www.xe.com/currencycharts/?from=KES&to=USD
Maize,,Bag,,8.236839,,,,,,,,"179,647",https://data.worldbank.org/indicator/NY.GNP.PCAP.KN?locations=KE,,,,,,"179,647",KES,0.00773356,https://www.xe.com/currencycharts/?from=KES&to=USD
Maize,,Bucket,,79.07365,,,,,,,,"179,648",https://data.worldbank.org/indicator/NY.GNP.PCAP.KN?locations=KE,,,,,,"179,648",KES,0.00773356,https://www.xe.com/currencycharts/?from=KES&to=USD
Maize,,Debe,,2.471052,,,,300 (DAP),,,https://agra.org/wp-content/uploads/2020/08/Kenya-Report_Assessment-of-Fertilizer-Distribution-Systems-and-Opportunities-for-Developing-Fertilizer-Blends.pdf#page=9.08 ,"179,649",https://data.worldbank.org/indicator/NY.GNP.PCAP.KN?locations=KE,,,,,,"179,649",KES,0.00773356,https://www.xe.com/currencycharts/?from=KES&to=USD
Maize,,Kilograms,1,-,2000,6200,"https://doi.org/10.1016/j.still.2008.09.013;
https://www.researchgate.net/profile/George-Karuku/publication/352413716_Evaluating_maize_performance_under_varying_water_depletion_levels_in_Bura_irrigation_scheme_Kenya/links/60c8e6f4458515dcee92d140/Evaluating-maize-performance-under-varying-water-depletion-levels-in-Bura-irrigation-scheme-Kenya.pdf?origin=journalDetail&_tp=eyJwYWdlIjoiam91cm5hbERldGFpbCJ9",,125 (DAP) + 150 (CAN) or 5000 (FYM or compost) + 61 (DAP) + 75 (CAN) or 10000 (FYM or compost),,https://statistics.kilimo.go.ke/files/bookpage/KARI_Use_of_Organic_and_anorganic_fertilizers_MaizeVegetables_finger_millet_kenya_.pdf ,"179,650",https://data.worldbank.org/indicator/NY.GNP.PCAP.KN?locations=KE,1,2000,6200,275,,"179,650",KES,0.00773356,https://www.xe.com/currencycharts/?from=KES&to=USD
Maize,,Lorry,,3.294736,,,,,,,,"179,651",https://data.worldbank.org/indicator/NY.GNP.PCAP.KN?locations=KE,,,,,,"179,651",KES,0.00773356,https://www.xe.com/currencycharts/?from=KES&to=USD
Maize,,Pickup,,4.942103,,,,,,,,"179,652",https://data.worldbank.org/indicator/NY.GNP.PCAP.KN?locations=KE,,,,,,"179,652",KES,0.00773356,https://www.xe.com/currencycharts/?from=KES&to=USD
Maize,,Pieces,,27799.33,,,,,,,,"179,653",https://data.worldbank.org/indicator/NY.GNP.PCAP.KN?locations=KE,,,,,,"179,653",KES,0.00773356,https://www.xe.com/currencycharts/?from=KES&to=USD
Managu,,Kilograms,1,18532.89,,,,,,,,"179,654",https://data.worldbank.org/indicator/NY.GNP.PCAP.KN?locations=KE,1,,,,,"179,654",KES,0.00773356,https://www.xe.com/currencycharts/?from=KES&to=USD
Mangoes,,Fruit units,,129730.2,,,,,,,,"179,655",https://data.worldbank.org/indicator/NY.GNP.PCAP.KN?locations=KE,,,,,,"179,655",KES,0.00773356,https://www.xe.com/currencycharts/?from=KES&to=USD
Mangoes,,Kilograms,1,20460.31,,,,,,,,"179,656",https://data.worldbank.org/indicator/NY.GNP.PCAP.KN?locations=KE,1,,,,,"179,656",KES,0.00773356,https://www.xe.com/currencycharts/?from=KES&to=USD
Mangoes,,Numbers,,-,,,,,,,,"179,657",https://data.worldbank.org/indicator/NY.GNP.PCAP.KN?locations=KE,,,,,,"179,657",KES,0.00773356,https://www.xe.com/currencycharts/?from=KES&to=USD
Mangoes,,Pickup,,123.5526,,,,,,,,"179,658",https://data.worldbank.org/indicator/NY.GNP.PCAP.KN?locations=KE,,,,,,"179,658",KES,0.00773356,https://www.xe.com/currencycharts/?from=KES&to=USD
Mangoes,,Pieces,,16308941,,,,,,,,"179,659",https://data.worldbank.org/indicator/NY.GNP.PCAP.KN?locations=KE,,,,,,"179,659",KES,0.00773356,https://www.xe.com/currencycharts/?from=KES&to=USD
Mangoes,,Wheelbarrow,,19.76841,,,,,,,,"179,660",https://data.worldbank.org/indicator/NY.GNP.PCAP.KN?locations=KE,,,,,,"179,660",KES,0.00773356,https://www.xe.com/currencycharts/?from=KES&to=USD
Mbaazi,,Kilograms,1,234.0996,1829,2350,https://kephis.go.ke/sites/default/files/slider/NATIONAL%20CROP%20VARIETY%20LIST%202024%20EDITION%20(1).pdf ,,,,,"179,661",https://data.worldbank.org/indicator/NY.GNP.PCAP.KN?locations=KE,1,1829,2350,,,"179,661",KES,0.00773356,https://www.xe.com/currencycharts/?from=KES&to=USD
Mbinda,,Kilograms,1,864.8681,,,,,,,,"179,662",https://data.worldbank.org/indicator/NY.GNP.PCAP.KN?locations=KE,1,,,,,"179,662",KES,0.00773356,https://www.xe.com/currencycharts/?from=KES&to=USD
Millet,,Kilograms,1,247.1052,1663,3620,https://kephis.go.ke/sites/default/files/slider/NATIONAL%20CROP%20VARIETY%20LIST%202024%20EDITION%20(1).pdf ,,50 (23:23:0 NPK) + 2500 (FYM or compost),,,"179,663",https://data.worldbank.org/indicator/NY.GNP.PCAP.KN?locations=KE,1,1663,3620,50,,"179,663",KES,0.00773356,https://www.xe.com/currencycharts/?from=KES&to=USD
Napier grass,,Canter,,49.42103,,,,,,,,"179,664",https://data.worldbank.org/indicator/NY.GNP.PCAP.KN?locations=KE,,,,,,"179,664",KES,0.00773356,https://www.xe.com/currencycharts/?from=KES&to=USD
Napier grass,,Cart,,59.30524,,,,,,,,"179,665",https://data.worldbank.org/indicator/NY.GNP.PCAP.KN?locations=KE,,,,,,"179,665",KES,0.00773356,https://www.xe.com/currencycharts/?from=KES&to=USD
Napier grass,,Kilograms,1,1067494,,,,,,,,"179,666",https://data.worldbank.org/indicator/NY.GNP.PCAP.KN?locations=KE,1,,,,,"179,666",KES,0.00773356,https://www.xe.com/currencycharts/?from=KES&to=USD
Napier grass,,Lorry,,123.5526,,,,,,,,"179,667",https://data.worldbank.org/indicator/NY.GNP.PCAP.KN?locations=KE,,,,,,"179,667",KES,0.00773356,https://www.xe.com/currencycharts/?from=KES&to=USD
Napier grass,,Pickup,,237.221,,,,,,,,"179,668",https://data.worldbank.org/indicator/NY.GNP.PCAP.KN?locations=KE,,,,,,"179,668",KES,0.00773356,https://www.xe.com/currencycharts/?from=KES&to=USD
Napier grass,,Wheelbarrow,,13284.37,,,,,,,,"179,669",https://data.worldbank.org/indicator/NY.GNP.PCAP.KN?locations=KE,,,,,,"179,669",KES,0.00773356,https://www.xe.com/currencycharts/?from=KES&to=USD
Ocre,,Kilograms,1,197.6841,,,,,,,,"179,670",https://data.worldbank.org/indicator/NY.GNP.PCAP.KN?locations=KE,1,,,,,"179,670",KES,0.00773356,https://www.xe.com/currencycharts/?from=KES&to=USD
Okra,,Kilograms,1,21003.94,,,,,,,,"179,671",https://data.worldbank.org/indicator/NY.GNP.PCAP.KN?locations=KE,1,,,,,"179,671",KES,0.00773356,https://www.xe.com/currencycharts/?from=KES&to=USD
Orange,,Bag,,34.59472,,,,,,,,"179,672",https://data.worldbank.org/indicator/NY.GNP.PCAP.KN?locations=KE,,,,,,"179,672",KES,0.00773356,https://www.xe.com/currencycharts/?from=KES&to=USD
Orange,,Canter,,5,,,,,,,,"179,673",https://data.worldbank.org/indicator/NY.GNP.PCAP.KN?locations=KE,,,,,,"179,673",KES,0.00773356,https://www.xe.com/currencycharts/?from=KES&to=USD
Orange,,Kilograms,1,88957.86,,,,,,,,"179,674",https://data.worldbank.org/indicator/NY.GNP.PCAP.KN?locations=KE,1,,,,,"179,674",KES,0.00773356,https://www.xe.com/currencycharts/?from=KES&to=USD
Orange,,Pieces,,9884.207,,,,,,,,"179,675",https://data.worldbank.org/indicator/NY.GNP.PCAP.KN?locations=KE,,,,,,"179,675",KES,0.00773356,https://www.xe.com/currencycharts/?from=KES&to=USD
Orange,,Probox,,3.706577,,,,,,,,"179,676",https://data.worldbank.org/indicator/NY.GNP.PCAP.KN?locations=KE,,,,,,"179,676",KES,0.00773356,https://www.xe.com/currencycharts/?from=KES&to=USD
Passion fruit,,Kilograms,1,-,,,,,,,,"179,677",https://data.worldbank.org/indicator/NY.GNP.PCAP.KN?locations=KE,1,,,,,"179,677",KES,0.00773356,https://www.xe.com/currencycharts/?from=KES&to=USD
Pawpaws,,Kilograms,1,1268.473,,,,,,,,"179,678",https://data.worldbank.org/indicator/NY.GNP.PCAP.KN?locations=KE,1,,,,,"179,678",KES,0.00773356,https://www.xe.com/currencycharts/?from=KES&to=USD
Pawpaws,,Pieces,,197.6841,,,,,,,,"179,679",https://data.worldbank.org/indicator/NY.GNP.PCAP.KN?locations=KE,,,,,,"179,679",KES,0.00773356,https://www.xe.com/currencycharts/?from=KES&to=USD
Peaches,,Kilograms,1,11861.05,,,,,,,,"179,680",https://data.worldbank.org/indicator/NY.GNP.PCAP.KN?locations=KE,1,,,,,"179,680",KES,0.00773356,https://www.xe.com/currencycharts/?from=KES&to=USD
Peagions,,Kilograms,1,65.89471,,,,,,,,"179,681",https://data.worldbank.org/indicator/NY.GNP.PCAP.KN?locations=KE,1,,,,,"179,681",KES,0.00773356,https://www.xe.com/currencycharts/?from=KES&to=USD
Pears,,Acre,,2.471052,,,,,,,,"179,682",https://data.worldbank.org/indicator/NY.GNP.PCAP.KN?locations=KE,,,,,,"179,682",KES,0.00773356,https://www.xe.com/currencycharts/?from=KES&to=USD
Pears,,Kilograms,1,8648.681,,,,,,,,"179,683",https://data.worldbank.org/indicator/NY.GNP.PCAP.KN?locations=KE,1,,,,,"179,683",KES,0.00773356,https://www.xe.com/currencycharts/?from=KES&to=USD
Peas,,Bucket,,17.29736,,,,,,,,"179,684",https://data.worldbank.org/indicator/NY.GNP.PCAP.KN?locations=KE,,,,,,"179,684",KES,0.00773356,https://www.xe.com/currencycharts/?from=KES&to=USD
Peas,,Kilograms,1,9884.207,,,,,,,,"179,685",https://data.worldbank.org/indicator/NY.GNP.PCAP.KN?locations=KE,1,,,,,"179,685",KES,0.00773356,https://www.xe.com/currencycharts/?from=KES&to=USD
Pegions,,Kilograms,1,494.2103,,,,,,,,"179,686",https://data.worldbank.org/indicator/NY.GNP.PCAP.KN?locations=KE,1,,,,,"179,686",KES,0.00773356,https://www.xe.com/currencycharts/?from=KES&to=USD
Picsies,,Kilograms,1,760.3236,,,,,,,,"179,687",https://data.worldbank.org/indicator/NY.GNP.PCAP.KN?locations=KE,1,,,,,"179,687",KES,0.00773356,https://www.xe.com/currencycharts/?from=KES&to=USD
Pigeon peas,,Kilograms,1,3558.314,1700,2350,https://kephis.go.ke/sites/default/files/slider/NATIONAL%20CROP%20VARIETY%20LIST%202024%20EDITION%20(1).pdf ,,50 (DAP),,,"179,688",https://data.worldbank.org/indicator/NY.GNP.PCAP.KN?locations=KE,1,1700,2350,50,,"179,688",KES,0.00773356,https://www.xe.com/currencycharts/?from=KES&to=USD
Pigweed,,Kilograms,1,194595.3,,,,,,,,"179,689",https://data.worldbank.org/indicator/NY.GNP.PCAP.KN?locations=KE,1,,,,,"179,689",KES,0.00773356,https://www.xe.com/currencycharts/?from=KES&to=USD
Pilipili hoho,,Kilograms,1,988.4207,,,,,,,,"179,690",https://data.worldbank.org/indicator/NY.GNP.PCAP.KN?locations=KE,1,,,,,"179,690",KES,0.00773356,https://www.xe.com/currencycharts/?from=KES&to=USD
Pixies,,Kilograms,1,4447.893,,,,,,,,"179,691",https://data.worldbank.org/indicator/NY.GNP.PCAP.KN?locations=KE,1,,,,,"179,691",KES,0.00773356,https://www.xe.com/currencycharts/?from=KES&to=USD
Pixies,,Pieces,,6177.629,,,,,,,,"179,692",https://data.worldbank.org/indicator/NY.GNP.PCAP.KN?locations=KE,,,,,,"179,692",KES,0.00773356,https://www.xe.com/currencycharts/?from=KES&to=USD
Plantain,,Bunches,,1235.526,,,,,,,,"179,693",https://data.worldbank.org/indicator/NY.GNP.PCAP.KN?locations=KE,,,,,,"179,693",KES,0.00773356,https://www.xe.com/currencycharts/?from=KES&to=USD
Plum,,Kilograms,1,7413.155,,,,,,,,"179,694",https://data.worldbank.org/indicator/NY.GNP.PCAP.KN?locations=KE,1,,,,,"179,694",KES,0.00773356,https://www.xe.com/currencycharts/?from=KES&to=USD
Potatoes,,Bag,,6.177629,,,,,,,,"179,695",https://data.worldbank.org/indicator/NY.GNP.PCAP.KN?locations=KE,,,,,,"179,695",KES,0.00773356,https://www.xe.com/currencycharts/?from=KES&to=USD
Potatoes,,Bucket,,59.30524,,,,,,,,"179,696",https://data.worldbank.org/indicator/NY.GNP.PCAP.KN?locations=KE,,,,,,"179,696",KES,0.00773356,https://www.xe.com/currencycharts/?from=KES&to=USD
Potatoes,,Debe,,118.6105,,,,,,,,"179,697",https://data.worldbank.org/indicator/NY.GNP.PCAP.KN?locations=KE,,,,,,"179,697",KES,0.00773356,https://www.xe.com/currencycharts/?from=KES&to=USD
Potatoes,,Kilograms,1,43243.4,,,,,,,,"179,698",https://data.worldbank.org/indicator/NY.GNP.PCAP.KN?locations=KE,1,,,,,"179,698",KES,0.00773356,https://www.xe.com/currencycharts/?from=KES&to=USD
Pumpkin,,Kilograms,1,296.5262,8250,17143,https://kephis.go.ke/sites/default/files/slider/NATIONAL%20CROP%20VARIETY%20LIST%202024%20EDITION%20(1).pdf ,,,,,"179,699",https://data.worldbank.org/indicator/NY.GNP.PCAP.KN?locations=KE,1,8250,17143,,,"179,699",KES,0.00773356,https://www.xe.com/currencycharts/?from=KES&to=USD
Pumpkin,,Pieces,,247.1052,,,,,,,,"179,700",https://data.worldbank.org/indicator/NY.GNP.PCAP.KN?locations=KE,,,,,,"179,700",KES,0.00773356,https://www.xe.com/currencycharts/?from=KES&to=USD
Red pepper,,Kilograms,1,271.8157,,,,,,,,"179,701",https://data.worldbank.org/indicator/NY.GNP.PCAP.KN?locations=KE,1,,,,,"179,701",KES,0.00773356,https://www.xe.com/currencycharts/?from=KES&to=USD
Sandras,,Kilograms,1,14826.31,,,,,,,,"179,702",https://data.worldbank.org/indicator/NY.GNP.PCAP.KN?locations=KE,1,,,,,"179,702",KES,0.00773356,https://www.xe.com/currencycharts/?from=KES&to=USD
Sorghum,,Kilograms,1,197.6841,2544,2706,https://kephis.go.ke/sites/default/files/slider/NATIONAL%20CROP%20VARIETY%20LIST%202024%20EDITION%20(1).pdf ,,50 (DAP or NPK) + 50 (CAN),,,"179,703",https://data.worldbank.org/indicator/NY.GNP.PCAP.KN?locations=KE,1,2544,2706,100,,"179,703",KES,0.00773356,https://www.xe.com/currencycharts/?from=KES&to=USD
Spinach,,Bag,,543.6314,,,,,,,,"179,704",https://data.worldbank.org/indicator/NY.GNP.PCAP.KN?locations=KE,,,,,,"179,704",KES,0.00773356,https://www.xe.com/currencycharts/?from=KES&to=USD
Spinach,,Bunches,,1153157,,,,,,,,"179,705",https://data.worldbank.org/indicator/NY.GNP.PCAP.KN?locations=KE,,,,,,"179,705",KES,0.00773356,https://www.xe.com/currencycharts/?from=KES&to=USD
Spinach,,Kilograms,1,951256,,,,,,,,"179,706",https://data.worldbank.org/indicator/NY.GNP.PCAP.KN?locations=KE,1,,,,,"179,706",KES,0.00773356,https://www.xe.com/currencycharts/?from=KES&to=USD
Sugarcane,,Numbers,,9884.207,88200,123209,https://kephis.go.ke/sites/default/files/slider/NATIONAL%20CROP%20VARIETY%20LIST%202024%20EDITION%20(1).pdf ,,120 - 150 (N) and 90 (P2O5),,,"179,707",https://data.worldbank.org/indicator/NY.GNP.PCAP.KN?locations=KE,,88200,123209,240,,"179,707",KES,0.00773356,https://www.xe.com/currencycharts/?from=KES&to=USD
Sukuma wiki,,Bag,,395.3683,,,,,,,,"179,708",https://data.worldbank.org/indicator/NY.GNP.PCAP.KN?locations=KE,,,,,,"179,708",KES,0.00773356,https://www.xe.com/currencycharts/?from=KES&to=USD
Sukuma wiki,,Kilograms,1,13590.78,,,,,,,,"179,709",https://data.worldbank.org/indicator/NY.GNP.PCAP.KN?locations=KE,1,,,,,"179,709",KES,0.00773356,https://www.xe.com/currencycharts/?from=KES&to=USD
Sweet potatoes,,Kilograms,1,9607.449,16765,24055,https://kephis.go.ke/sites/default/files/slider/NATIONAL%20CROP%20VARIETY%20LIST%202024%20EDITION%20(1).pdf ,,30 (P2O5),,,"179,710",https://data.worldbank.org/indicator/NY.GNP.PCAP.KN?locations=KE,1,16765,24055,30,,"179,710",KES,0.00773356,https://www.xe.com/currencycharts/?from=KES&to=USD
Tea,,Kilograms,1,4127.274,3555,5289,https://kephis.go.ke/sites/default/files/slider/NATIONAL%20CROP%20VARIETY%20LIST%202024%20EDITION%20(1).pdf ,,200 (N),,https://teaboard.or.ke/images/downloads/manuals-handbooks/fertilizer-user-guide-manual-for-tea.pdf ,"179,711",https://data.worldbank.org/indicator/NY.GNP.PCAP.KN?locations=KE,1,3555,5289,200,,"179,711",KES,0.00773356,https://www.xe.com/currencycharts/?from=KES&to=USD
Terere,,Bunches,,71166.29,,,,,,,,"179,712",https://data.worldbank.org/indicator/NY.GNP.PCAP.KN?locations=KE,,,,,,"179,712",KES,0.00773356,https://www.xe.com/currencycharts/?from=KES&to=USD
Thorn melon,,Kilograms,1,4942.103,,,,,,,,"179,713",https://data.worldbank.org/indicator/NY.GNP.PCAP.KN?locations=KE,1,,,,,"179,713",KES,0.00773356,https://www.xe.com/currencycharts/?from=KES&to=USD
Tomatoes,,Crates,,1284.947,,,,,,,,"179,714",https://data.worldbank.org/indicator/NY.GNP.PCAP.KN?locations=KE,,,,,,"179,714",KES,0.00773356,https://www.xe.com/currencycharts/?from=KES&to=USD
Tomatoes,,Kilograms,1,15023.99,10000,60000,https://www.tandfonline.com/doi/abs/10.1080/00128325.2016.1261986 ,,,,,"179,715",https://data.worldbank.org/indicator/NY.GNP.PCAP.KN?locations=KE,1,10000,60000,,,"179,715",KES,0.00773356,https://www.xe.com/currencycharts/?from=KES&to=USD
Vegetables,,Bundles,,494.2103,,,,,,,,"179,716",https://data.worldbank.org/indicator/NY.GNP.PCAP.KN?locations=KE,,,,,,"179,716",KES,0.00773356,https://www.xe.com/currencycharts/?from=KES&to=USD
Vegetables,,Kilograms,1,31234.09,,,,,,,,"179,717",https://data.worldbank.org/indicator/NY.GNP.PCAP.KN?locations=KE,1,,,,,"179,717",KES,0.00773356,https://www.xe.com/currencycharts/?from=KES&to=USD
,,,,,,,,,,,,,,,,,,,,,,
,,,,,,,,,,,,,,,,,,,,,,
,,,,,,,,,,,,,,,,,,,,,,
,,,,,,,,,,,,,,,,,,,,,,
,,,,,,,,,,,,,,,,,,,,,,
,,,,,,,,,,,,,,,,,,,,,,
