"column_name_new2","name_choice","Count","Total","Percentage","column_name_new","label_choice","category_1","category_2","category_3","factor","metric","metric_type","categorical_type"
"access_info_exchange_consumers","0",125,200,62.5,"access_info_exchange_consumers","No","P&IC/knowledge, P&IC/value chain","knowledge, value chain","information exchange, market linkage","Exchange information with: consumers","1= yes, 0= no","binary","NA"
"access_info_exchange_consumers","1",75,200,37.5,"access_info_exchange_consumers","Yes","P&IC/knowledge, P&IC/value chain","knowledge, value chain","information exchange, market linkage","Exchange information with: consumers","1= yes, 0= no","binary","NA"
"access_info_exchange_extension","0",116,200,58,"access_info_exchange_extension","No","P&IC/knowledge","knowledge","information exchange","Exchange information with: Extensionists","1= yes, 0= no","binary","NA"
"access_info_exchange_extension","1",84,200,42,"access_info_exchange_extension","Yes","P&IC/knowledge","knowledge","information exchange","Exchange information with: Extensionists","1= yes, 0= no","binary","NA"
"access_info_exchange_farmers","0",142,200,71,"access_info_exchange_farmers","No","P&IC/knowledge, Social capital","knowledge, networks","information exchange, contact","Exchange information with: Farmers","1= yes, 0= no","binary","NA"
"access_info_exchange_farmers","1",58,200,29,"access_info_exchange_farmers","Yes","P&IC/knowledge, Social capital","knowledge, networks","information exchange, contact","Exchange information with: Farmers","1= yes, 0= no","binary","NA"
"access_info_exchange_government","0",178,200,89,"access_info_exchange_government","No","P&IC/knowledge, Social capital","knowledge, networks","information exchange, contact","Exchange information with: Government","1= yes, 0= no","binary","NA"
"access_info_exchange_government","1",22,200,11,"access_info_exchange_government","Yes","P&IC/knowledge, Social capital","knowledge, networks","information exchange, contact","Exchange information with: Government","1= yes, 0= no","binary","NA"
"access_info_exchange_ngo","0",176,200,88,"access_info_exchange_ngo","No","P&IC/knowledge, Social capital","knowledge, networks","information exchange, contact","Exchange information with: NGOs","1= yes, 0= no","binary","NA"
"access_info_exchange_ngo","1",24,200,12,"access_info_exchange_ngo","Yes","P&IC/knowledge, Social capital","knowledge, networks","information exchange, contact","Exchange information with: NGOs","1= yes, 0= no","binary","NA"
"access_info_exchange_researchers","0",117,200,58.5,"access_info_exchange_researchers","No","P&IC/knowledge","knowledge","information exchange","Exchange information with: Researchers","1= yes, 0= no","binary","NA"
"access_info_exchange_researchers","1",83,200,41.5,"access_info_exchange_researchers","Yes","P&IC/knowledge","knowledge","information exchange","Exchange information with: Researchers","1= yes, 0= no","binary","NA"
"access_info_exchange_traders","0",127,200,63.5,"access_info_exchange_traders","No","P&IC/knowledge, P&IC/value chain","knowledge, value chain","information exchange, market linkage","Exchange information with: Food traders","1= yes, 0= no","binary","NA"
"access_info_exchange_traders","1",73,200,36.5,"access_info_exchange_traders","Yes","P&IC/knowledge, P&IC/value chain","knowledge, value chain","information exchange, market linkage","Exchange information with: Food traders","1= yes, 0= no","binary","NA"
"accessibility_basic_services","0",4,200,2,"accessibility_basic_services","No","physical capital","access to basic services",NA,"Access to basic services","5= 3 or more services; 2= 1-2 services; 0= none","categorical","ordinal"
"accessibility_basic_services","2",41,200,20.5,"accessibility_basic_services",NA,"physical capital","access to basic services",NA,"Access to basic services","5= 3 or more services; 2= 1-2 services; 0= none","categorical","ordinal"
"accessibility_basic_services","5",155,200,77.5,"accessibility_basic_services",NA,"physical capital","access to basic services",NA,"Access to basic services","5= 3 or more services; 2= 1-2 services; 0= none","categorical","ordinal"
"accessibility_communication","0",23,200,11.5,"accessibility_communication","No","physical capital","access to basic services","communication","Access to communication services","5= mobine phone reception and internet; 2= mobine phone reception or internet; 0= none","categorical","ordinal"
"accessibility_communication","2",163,200,81.5,"accessibility_communication",NA,"physical capital","access to basic services","communication","Access to communication services","5= mobine phone reception and internet; 2= mobine phone reception or internet; 0= none","categorical","ordinal"
"accessibility_communication","5",14,200,7,"accessibility_communication",NA,"physical capital","access to basic services","communication","Access to communication services","5= mobine phone reception and internet; 2= mobine phone reception or internet; 0= none","categorical","ordinal"
"accessibility_drinking_water","0",32,200,16,"accessibility_drinking_water","No","physical capital","access to basic services","water","Access to drinking water piped to the household","1= yes, 0= no","binary",NA
"accessibility_drinking_water","1",168,200,84,"accessibility_drinking_water","Yes","physical capital","access to basic services","water","Access to drinking water piped to the household","1= yes, 0= no","binary",NA
"accessibility_electrical_energy","0",26,200,13,"accessibility_electrical_energy","No","physical capital","access to basic services","energy","Access to electrical energy","1= yes, 0= no","binary","NA"
"accessibility_electrical_energy","1",174,200,87,"accessibility_electrical_energy","Yes","physical capital","access to basic services","energy","Access to electrical energy","1= yes, 0= no","binary","NA"
"accessibility_internet","0",183,200,91.5,"accessibility_internet","No","physical capital","access to basic services","communication","Access to Internet","1= yes, 0= no","binary",NA
"accessibility_internet","1",17,200,8.5,"accessibility_internet","Yes","physical capital","access to basic services","communication","Access to Internet","1= yes, 0= no","binary",NA
"accessibility_phone_reception","0",26,200,13,"accessibility_phone_reception","No","physical capital","access to basic services","communication","Access to mobile phone reception","1= yes, 0= no","binary",NA
"accessibility_phone_reception","1",174,200,87,"accessibility_phone_reception","Yes","physical capital","access to basic services","communication","Access to mobile phone reception","1= yes, 0= no","binary",NA
"accessibility_piped_sewer","0",129,200,64.5,"accessibility_piped_sewer","No","physical capital","access to basic services","sanitation","Access to toilet with piped sewer or septic tank","1= yes, 0= no","binary",NA
"accessibility_piped_sewer","1",71,200,35.5,"accessibility_piped_sewer","Yes","physical capital","access to basic services","sanitation","Access to toilet with piped sewer or septic tank","1= yes, 0= no","binary",NA
"accessibility_sanitation","0",78,200,39,"accessibility_sanitation","No","physical capital","access to basic services","sanitation","Access to sanitation services","5= toilet with piped sewer or septic tank and waste collection service; 2= toilet with piped sewer or septic tank or waste collection service; 0= none","categorical","ordinal"
"accessibility_sanitation","2",109,200,54.5,"accessibility_sanitation",NA,"physical capital","access to basic services","sanitation","Access to sanitation services","5= toilet with piped sewer or septic tank and waste collection service; 2= toilet with piped sewer or septic tank or waste collection service; 0= none","categorical","ordinal"
"accessibility_sanitation","5",13,200,6.5,"accessibility_sanitation",NA,"physical capital","access to basic services","sanitation","Access to sanitation services","5= toilet with piped sewer or septic tank and waste collection service; 2= toilet with piped sewer or septic tank or waste collection service; 0= none","categorical","ordinal"
"accessibility_waste_collection","0",136,200,68,"accessibility_waste_collection","No","physical capital","access to basic services","sanitation","Access to waste collection service","1= yes, 0= no","binary",NA
"accessibility_waste_collection","1",64,200,32,"accessibility_waste_collection","Yes","physical capital","access to basic services","sanitation","Access to waste collection service","1= yes, 0= no","binary",NA
"agroecology_knowledge","0",45,200,22.5,"agroecology_knowledge","No, I am not familiar with the term Agroecology.","political and institutional context/knowledge","knowledge or awereness","agroecology","Agroecology knowledge","2= farmer has a clear understanding of Agroecology; 1= farmer has some knowledge about Agroecology, but would like to learn more; 0= farmes is not familiar with the term Agroecology","categorical","ordinal"
"agroecology_knowledge","1",128,200,64,"agroecology_knowledge","I have some knowledge about Agroecology, but I would like to learn more.","political and institutional context/knowledge","knowledge or awereness","agroecology","Agroecology knowledge","2= farmer has a clear understanding of Agroecology; 1= farmer has some knowledge about Agroecology, but would like to learn more; 0= farmes is not familiar with the term Agroecology","categorical","ordinal"
"agroecology_knowledge","2",27,200,13.5,"agroecology_knowledge","Yes, I have a clear understanding of Agroecology.","political and institutional context/knowledge","knowledge or awereness","agroecology","Agroecology knowledge","2= farmer has a clear understanding of Agroecology; 1= farmer has some knowledge about Agroecology, but would like to learn more; 0= farmes is not familiar with the term Agroecology","categorical","ordinal"
"dfs_adoption_binary","0",144,200,72,"dfs_adoption_binary","No","outcome","diversified farming system","adoption","DFS adoption","1= yes, 0= no","binary","NA"
"dfs_adoption_binary","1",56,200,28,"dfs_adoption_binary","Yes","outcome","diversified farming system","adoption","DFS adoption","1= yes, 0= no","binary","NA"
"dfs_agroforestry_adoption","0",175,200,87.5,"dfs_agroforestry_adoption","No","outcome","diversified farming system","adoption","Agroforestry adoption","1= yes, 0= no","binary","NA"
"dfs_agroforestry_adoption","1",25,200,12.5,"dfs_agroforestry_adoption","Yes","outcome","diversified farming system","adoption","Agroforestry adoption","1= yes, 0= no","binary","NA"
"dfs_cover_crops_adoption","0",199,200,99.5,"dfs_cover_crops_adoption","No","outcome","diversified farming system","adoption","Cover crops adoption","1= yes, 0= no","binary","NA"
"dfs_cover_crops_adoption","1",1,200,0.5,"dfs_cover_crops_adoption","Yes","outcome","diversified farming system","adoption","Cover crops adoption","1= yes, 0= no","binary","NA"
"dfs_crop_rotation_adoption","0",199,200,99.5,"dfs_crop_rotation_adoption","No","outcome","diversified farming system","adoption","Crop rotation adoption","1= yes, 0= no","binary","NA"
"dfs_crop_rotation_adoption","1",1,200,0.5,"dfs_crop_rotation_adoption","Yes","outcome","diversified farming system","adoption","Crop rotation adoption","1= yes, 0= no","binary","NA"
"dfs_fallow_adoption","0",197,200,98.5,"dfs_fallow_adoption","No","outcome","diversified farming system","adoption","Fallow adoption","1= yes, 0= no","binary","NA"
"dfs_fallow_adoption","1",3,200,1.5,"dfs_fallow_adoption","Yes","outcome","diversified farming system","adoption","Fallow adoption","1= yes, 0= no","binary","NA"
"dfs_hedgerows_adoption","0",195,200,97.5,"dfs_hedgerows_adoption","No","outcome","diversified farming system","adoption","Hedgerows adoption","1= yes, 0= no","binary","NA"
"dfs_hedgerows_adoption","1",5,200,2.5,"dfs_hedgerows_adoption","Yes","outcome","diversified farming system","adoption","Hedgerows adoption","1= yes, 0= no","binary","NA"
"dfs_homegarden_adoption","0",179,200,89.5,"dfs_homegarden_adoption","No","outcome","diversified farming system","adoption","Home garden adoption","1= yes, 0= no","binary","NA"
"dfs_homegarden_adoption","1",21,200,10.5,"dfs_homegarden_adoption","Yes","outcome","diversified farming system","adoption","Home garden adoption","1= yes, 0= no","binary","NA"
"dfs_intercropping_adoption","0",182,200,91,"dfs_intercropping_adoption","No","outcome","diversified farming system","adoption","Intercropping adoption","1= yes, 0= no","binary","NA"
"dfs_intercropping_adoption","1",18,200,9,"dfs_intercropping_adoption","Yes","outcome","diversified farming system","adoption","Intercropping adoption","1= yes, 0= no","binary","NA"
"dfs_strip_vegetation_adoption","0",198,200,99,"dfs_strip_vegetation_adoption","No","outcome","diversified farming system","adoption","Natural strip vegetation adoption","1= yes, 0= no","binary","NA"
"dfs_strip_vegetation_adoption","1",2,200,1,"dfs_strip_vegetation_adoption","Yes","outcome","diversified farming system","adoption","Natural strip vegetation adoption","1= yes, 0= no","binary","NA"
"drought_experience_perception","0",18,200,9,"drought_experience_perception","No","biophysical","perception","flood","Flood experience","1= yes; 0= no; notsure= I am not sure","categorical","ordinal"
"drought_experience_perception","1",176,200,88,"drought_experience_perception","Yes","biophysical","perception","flood","Flood experience","1= yes; 0= no; notsure= I am not sure","categorical","ordinal"
"drought_experience_perception","notsure",6,200,3,"drought_experience_perception","I am not sure","biophysical","perception","flood","Flood experience","1= yes; 0= no; notsure= I am not sure","categorical","ordinal"
"education_level","1",47,200,23.5,"education_level","Primary","human capital","demographic","household head","education level",NA,"categorical","nominal"
"education_level","2",26,200,13,"education_level","Primary","human capital","demographic","household head","education level",NA,"categorical","nominal"
"education_level","3",80,200,40,"education_level","Seconday","human capital","demographic","household head","education level",NA,"categorical","nominal"
"education_level","4",34,200,17,"education_level","Seconday","human capital","demographic","household head","education level",NA,"categorical","nominal"
"education_level","5",3,200,1.5,"education_level","Higher","human capital","demographic","household head","education level",NA,"categorical","nominal"
"education_level","6",3,200,1.5,"education_level","Higher","human capital","demographic","household head","education level",NA,"categorical","nominal"
"education_level","7",3,200,1.5,"education_level","Higher","human capital","demographic","household head","education level",NA,"categorical","nominal"
"education_level","8",1,200,0.5,"education_level","Higher","human capital","demographic","household head","education level",NA,"categorical","nominal"
"education_level","11",3,200,1.5,"education_level","None","human capital","demographic","household head","education level",NA,"categorical","nominal"
"energy_cleaning_transporting_type","1",197,200,98.5,"energy_cleaning_transporting_type","Yes","physical capital","energy","energy type","Type of energy used for: Cleaning, processing or transporting harvested food","5= All renewable; 3= Renewable and non-renewable; 1= Non-renewable","categorical","ordinal"
"energy_cleaning_transporting_type","3",2,200,1,"energy_cleaning_transporting_type",NA,"physical capital","energy","energy type","Type of energy used for: Cleaning, processing or transporting harvested food","5= All renewable; 3= Renewable and non-renewable; 1= Non-renewable","categorical","ordinal"
"energy_cleaning_transporting_type","5",1,200,0.5,"energy_cleaning_transporting_type",NA,"physical capital","energy","energy type","Type of energy used for: Cleaning, processing or transporting harvested food","5= All renewable; 3= Renewable and non-renewable; 1= Non-renewable","categorical","ordinal"
"energy_cooking_type","1",72,200,36,"energy_cooking_type","Yes","physical capital","energy","energy type","Type of energy used for: Cooking","5= All renewable; 3= Renewable and non-renewable; 1= Non-renewable","categorical","ordinal"
"energy_cooking_type","3",96,200,48,"energy_cooking_type",NA,"physical capital","energy","energy type","Type of energy used for: Cooking","5= All renewable; 3= Renewable and non-renewable; 1= Non-renewable","categorical","ordinal"
"energy_cooking_type","5",28,200,14,"energy_cooking_type",NA,"physical capital","energy","energy type","Type of energy used for: Cooking","5= All renewable; 3= Renewable and non-renewable; 1= Non-renewable","categorical","ordinal"
"energy_cooking_type",NA,4,200,2,"energy_cooking_type",NA,"physical capital","energy","energy type","Type of energy used for: Cooking","5= All renewable; 3= Renewable and non-renewable; 1= Non-renewable","categorical","ordinal"
"energy_irrigation_type","1",3,200,1.5,"energy_irrigation_type","Yes","physical capital","energy","energy type","Type of energy used for: irrigation","5= All renewable; 3= Renewable and non-renewable; 1= Non-renewable","categorical","ordinal"
"energy_irrigation_type",NA,197,200,98.5,"energy_irrigation_type",NA,"physical capital","energy","energy type","Type of energy used for: irrigation","5= All renewable; 3= Renewable and non-renewable; 1= Non-renewable","categorical","ordinal"
"energy_source","1",70,200,35,"energy_source","All energy is purchased from the market.","physical capital","energy","energy source","Energy sources","1=	All energy is purchased from the market.
2=	75% of energy is purchased from the market, the other 25% is produced on farm/within the agroecosystem or exchanged with other members of the community.
3=	50% of energy is purchased from the market, the other 50% is produced on farm/within the agroecosystem or exchanged with other members of the community.
4=	25% of energy is purchased from the market, the other 75% is self-produced or exchanged.
5=	All energy is self-produced, exchanged with other farmers or managed collectively.","categorical","ordinal"
"energy_source","2",119,200,59.5,"energy_source","75% of energy is purchased from the market, the other 25% is produced on farm/within the agroecosystem or exchanged with other members of the community.","physical capital","energy","energy source","Energy sources","1=	All energy is purchased from the market.
2=	75% of energy is purchased from the market, the other 25% is produced on farm/within the agroecosystem or exchanged with other members of the community.
3=	50% of energy is purchased from the market, the other 50% is produced on farm/within the agroecosystem or exchanged with other members of the community.
4=	25% of energy is purchased from the market, the other 75% is self-produced or exchanged.
5=	All energy is self-produced, exchanged with other farmers or managed collectively.","categorical","ordinal"
"energy_source","3",5,200,2.5,"energy_source","50% of energy is purchased from the market, the other 50% is produced on farm/within the agroecosystem or exchanged with other members of the community.","physical capital","energy","energy source","Energy sources","1=	All energy is purchased from the market.
2=	75% of energy is purchased from the market, the other 25% is produced on farm/within the agroecosystem or exchanged with other members of the community.
3=	50% of energy is purchased from the market, the other 50% is produced on farm/within the agroecosystem or exchanged with other members of the community.
4=	25% of energy is purchased from the market, the other 75% is self-produced or exchanged.
5=	All energy is self-produced, exchanged with other farmers or managed collectively.","categorical","ordinal"
"energy_source","4",2,200,1,"energy_source","25% of energy is purchased from the market, the other 75% is self-produced or exchanged.","physical capital","energy","energy source","Energy sources","1=	All energy is purchased from the market.
2=	75% of energy is purchased from the market, the other 25% is produced on farm/within the agroecosystem or exchanged with other members of the community.
3=	50% of energy is purchased from the market, the other 50% is produced on farm/within the agroecosystem or exchanged with other members of the community.
4=	25% of energy is purchased from the market, the other 75% is self-produced or exchanged.
5=	All energy is self-produced, exchanged with other farmers or managed collectively.","categorical","ordinal"
"energy_source","5",4,200,2,"energy_source","All energy is self-produced, exchanged with other farmers or managed collectively.","physical capital","energy","energy source","Energy sources","1=	All energy is purchased from the market.
2=	75% of energy is purchased from the market, the other 25% is produced on farm/within the agroecosystem or exchanged with other members of the community.
3=	50% of energy is purchased from the market, the other 50% is produced on farm/within the agroecosystem or exchanged with other members of the community.
4=	25% of energy is purchased from the market, the other 75% is self-produced or exchanged.
5=	All energy is self-produced, exchanged with other farmers or managed collectively.","categorical","ordinal"
"energy_tillage_haverst_type","1",69,200,34.5,"energy_tillage_haverst_type","Yes","physical capital","energy","energy type","Type of energy used for: Tillage, sowing or harvesting","5= All renewable; 3= Renewable and non-renewable; 1= Non-renewable","categorical","ordinal"
"energy_tillage_haverst_type","3",30,200,15,"energy_tillage_haverst_type",NA,"physical capital","energy","energy type","Type of energy used for: Tillage, sowing or harvesting","5= All renewable; 3= Renewable and non-renewable; 1= Non-renewable","categorical","ordinal"
"energy_tillage_haverst_type","5",101,200,50.5,"energy_tillage_haverst_type",NA,"physical capital","energy","energy type","Type of energy used for: Tillage, sowing or harvesting","5= All renewable; 3= Renewable and non-renewable; 1= Non-renewable","categorical","ordinal"
"energy_type","1",133,200,66.5,"energy_type","Yes","physical capital","energy","energy type","Type of energy used for: General","5= All renewable; 3= Renewable and non-renewable; 1= Non-renewable","categorical","ordinal"
"energy_type","2",1,200,0.5,"energy_type",NA,"physical capital","energy","energy type","Type of energy used for: General","5= All renewable; 3= Renewable and non-renewable; 1= Non-renewable","categorical","ordinal"
"energy_type","3",49,200,24.5,"energy_type",NA,"physical capital","energy","energy type","Type of energy used for: General","5= All renewable; 3= Renewable and non-renewable; 1= Non-renewable","categorical","ordinal"
"energy_type","4",1,200,0.5,"energy_type",NA,"physical capital","energy","energy type","Type of energy used for: General","5= All renewable; 3= Renewable and non-renewable; 1= Non-renewable","categorical","ordinal"
"energy_type","5",16,200,8,"energy_type",NA,"physical capital","energy","energy type","Type of energy used for: General","5= All renewable; 3= Renewable and non-renewable; 1= Non-renewable","categorical","ordinal"
"ethnicity","Ashaninka",1,200,0.5,"ethnicity","Ashaninka","human capital","demographic","household head","Ethnicity","NA","categorical","nominal"
"ethnicity","Mestizo",198,200,99,"ethnicity","Mestizo","human capital","demographic","household head","Ethnicity","NA","categorical","nominal"
"ethnicity","Quechua",1,200,0.5,"ethnicity","Quechua","human capital","demographic","household head","Ethnicity","NA","categorical","nominal"
"fair_price_crops","0",3,200,1.5,"fair_price_crops","I don't know","political and institutional context/knowledge","value chain","fair price","Perception of price fairness: crops","6 = Does not produce or produces but does not sell; 5 = Always gets a fair price; 4 = Usually gets a fair price, depending on the product; 3 = Occasionally gets a fair price, depending on the product; 2 = Rarely gets a fair price; 1 = Never gets a fair price; 0 = I don't know.","categorical","ordinal"
"fair_price_crops","1",6,200,3,"fair_price_crops","Never get a fair price.","political and institutional context/knowledge","value chain","fair price","Perception of price fairness: crops","6 = Does not produce or produces but does not sell; 5 = Always gets a fair price; 4 = Usually gets a fair price, depending on the product; 3 = Occasionally gets a fair price, depending on the product; 2 = Rarely gets a fair price; 1 = Never gets a fair price; 0 = I don't know.","categorical","ordinal"
"fair_price_crops","2",69,200,34.5,"fair_price_crops","Rarely get a fair price.","political and institutional context/knowledge","value chain","fair price","Perception of price fairness: crops","6 = Does not produce or produces but does not sell; 5 = Always gets a fair price; 4 = Usually gets a fair price, depending on the product; 3 = Occasionally gets a fair price, depending on the product; 2 = Rarely gets a fair price; 1 = Never gets a fair price; 0 = I don't know.","categorical","ordinal"
"fair_price_crops","3",62,200,31,"fair_price_crops","Occasionally get a fair price, depending on the product.","political and institutional context/knowledge","value chain","fair price","Perception of price fairness: crops","6 = Does not produce or produces but does not sell; 5 = Always gets a fair price; 4 = Usually gets a fair price, depending on the product; 3 = Occasionally gets a fair price, depending on the product; 2 = Rarely gets a fair price; 1 = Never gets a fair price; 0 = I don't know.","categorical","ordinal"
"fair_price_crops","4",55,200,27.5,"fair_price_crops","Usually get a fair price, depending on the product.","political and institutional context/knowledge","value chain","fair price","Perception of price fairness: crops","6 = Does not produce or produces but does not sell; 5 = Always gets a fair price; 4 = Usually gets a fair price, depending on the product; 3 = Occasionally gets a fair price, depending on the product; 2 = Rarely gets a fair price; 1 = Never gets a fair price; 0 = I don't know.","categorical","ordinal"
"fair_price_crops","5",5,200,2.5,"fair_price_crops","Always get a fair price.","political and institutional context/knowledge","value chain","fair price","Perception of price fairness: crops","6 = Does not produce or produces but does not sell; 5 = Always gets a fair price; 4 = Usually gets a fair price, depending on the product; 3 = Occasionally gets a fair price, depending on the product; 2 = Rarely gets a fair price; 1 = Never gets a fair price; 0 = I don't know.","categorical","ordinal"
"fair_price_fish","4",1,200,0.5,"fair_price_fish","Usually get a fair price, depending on the product.","political and institutional context/knowledge","value chain","fair price","Perception of price fairness: fish","6 = Does not produce or produces but does not sell; 5 = Always gets a fair price; 4 = Usually gets a fair price, depending on the product; 3 = Occasionally gets a fair price, depending on the product; 2 = Rarely gets a fair price; 1 = Never gets a fair price; 0 = I don't know.","categorical","ordinal"
"fair_price_fish","6",199,200,99.5,"fair_price_fish",NA,"political and institutional context/knowledge","value chain","fair price","Perception of price fairness: fish","6 = Does not produce or produces but does not sell; 5 = Always gets a fair price; 4 = Usually gets a fair price, depending on the product; 3 = Occasionally gets a fair price, depending on the product; 2 = Rarely gets a fair price; 1 = Never gets a fair price; 0 = I don't know.","categorical","ordinal"
"fair_price_honey","6",200,200,100,"fair_price_honey",NA,"political and institutional context/knowledge","value chain","fair price","Perception of price fairness: honey","6 = Does not produce or produces but does not sell; 5 = Always gets a fair price; 4 = Usually gets a fair price, depending on the product; 3 = Occasionally gets a fair price, depending on the product; 2 = Rarely gets a fair price; 1 = Never gets a fair price; 0 = I don't know.","categorical","ordinal"
"fair_price_livestock","0",3,200,1.5,"fair_price_livestock","I don't know","political and institutional context/knowledge","value chain","fair price","Perception of price fairness: livestock","6 = Does not produce or produces but does not sell; 5 = Always gets a fair price; 4 = Usually gets a fair price, depending on the product; 3 = Occasionally gets a fair price, depending on the product; 2 = Rarely gets a fair price; 1 = Never gets a fair price; 0 = I don't know.","categorical","ordinal"
"fair_price_livestock","1",1,200,0.5,"fair_price_livestock","Never get a fair price.","political and institutional context/knowledge","value chain","fair price","Perception of price fairness: livestock","6 = Does not produce or produces but does not sell; 5 = Always gets a fair price; 4 = Usually gets a fair price, depending on the product; 3 = Occasionally gets a fair price, depending on the product; 2 = Rarely gets a fair price; 1 = Never gets a fair price; 0 = I don't know.","categorical","ordinal"
"fair_price_livestock","2",3,200,1.5,"fair_price_livestock","Rarely get a fair price.","political and institutional context/knowledge","value chain","fair price","Perception of price fairness: livestock","6 = Does not produce or produces but does not sell; 5 = Always gets a fair price; 4 = Usually gets a fair price, depending on the product; 3 = Occasionally gets a fair price, depending on the product; 2 = Rarely gets a fair price; 1 = Never gets a fair price; 0 = I don't know.","categorical","ordinal"
"fair_price_livestock","3",13,200,6.5,"fair_price_livestock","Occasionally get a fair price, depending on the product.","political and institutional context/knowledge","value chain","fair price","Perception of price fairness: livestock","6 = Does not produce or produces but does not sell; 5 = Always gets a fair price; 4 = Usually gets a fair price, depending on the product; 3 = Occasionally gets a fair price, depending on the product; 2 = Rarely gets a fair price; 1 = Never gets a fair price; 0 = I don't know.","categorical","ordinal"
"fair_price_livestock","4",22,200,11,"fair_price_livestock","Usually get a fair price, depending on the product.","political and institutional context/knowledge","value chain","fair price","Perception of price fairness: livestock","6 = Does not produce or produces but does not sell; 5 = Always gets a fair price; 4 = Usually gets a fair price, depending on the product; 3 = Occasionally gets a fair price, depending on the product; 2 = Rarely gets a fair price; 1 = Never gets a fair price; 0 = I don't know.","categorical","ordinal"
"fair_price_livestock","5",8,200,4,"fair_price_livestock","Always get a fair price.","political and institutional context/knowledge","value chain","fair price","Perception of price fairness: livestock","6 = Does not produce or produces but does not sell; 5 = Always gets a fair price; 4 = Usually gets a fair price, depending on the product; 3 = Occasionally gets a fair price, depending on the product; 2 = Rarely gets a fair price; 1 = Never gets a fair price; 0 = I don't know.","categorical","ordinal"
"fair_price_livestock","6",150,200,75,"fair_price_livestock",NA,"political and institutional context/knowledge","value chain","fair price","Perception of price fairness: livestock","6 = Does not produce or produces but does not sell; 5 = Always gets a fair price; 4 = Usually gets a fair price, depending on the product; 3 = Occasionally gets a fair price, depending on the product; 2 = Rarely gets a fair price; 1 = Never gets a fair price; 0 = I don't know.","categorical","ordinal"
"fair_price_wood","3",4,200,2,"fair_price_wood","Occasionally get a fair price, depending on the product.","political and institutional context/knowledge","value chain","fair price","Perception of price fairness: wood","6 = Does not produce or produces but does not sell; 5 = Always gets a fair price; 4 = Usually gets a fair price, depending on the product; 3 = Occasionally gets a fair price, depending on the product; 2 = Rarely gets a fair price; 1 = Never gets a fair price; 0 = I don't know.","categorical","ordinal"
"fair_price_wood","6",196,200,98,"fair_price_wood",NA,"political and institutional context/knowledge","value chain","fair price","Perception of price fairness: wood","6 = Does not produce or produces but does not sell; 5 = Always gets a fair price; 4 = Usually gets a fair price, depending on the product; 3 = Occasionally gets a fair price, depending on the product; 2 = Rarely gets a fair price; 1 = Never gets a fair price; 0 = I don't know.","categorical","ordinal"
"farmer_agency_1","0",15,200,7.5,"farmer_agency_1","Not applicable","farmer behaviour",NA,"farmer agency","Household decision-making agency: women","5= Step 5: Power and freedom to make all major life decisions. 4= Step 4: Power and freedom to make many major life decisions. 3= Step 3: Power and freedom to make some major life decisions. 2= Step 2: Only a small amount of power and freedom. 1= Step 1: Almost no power or freedom to make decisions. 0= Not applicable","categorical","ordinal"
"farmer_agency_1","1",3,200,1.5,"farmer_agency_1","Step 1: Almost no power or freedom to make decisions.","farmer behaviour",NA,"farmer agency","Household decision-making agency: women","5= Step 5: Power and freedom to make all major life decisions. 4= Step 4: Power and freedom to make many major life decisions. 3= Step 3: Power and freedom to make some major life decisions. 2= Step 2: Only a small amount of power and freedom. 1= Step 1: Almost no power or freedom to make decisions. 0= Not applicable","categorical","ordinal"
"farmer_agency_1","2",11,200,5.5,"farmer_agency_1","Step 2: Only a small amount of power and freedom.","farmer behaviour",NA,"farmer agency","Household decision-making agency: women","5= Step 5: Power and freedom to make all major life decisions. 4= Step 4: Power and freedom to make many major life decisions. 3= Step 3: Power and freedom to make some major life decisions. 2= Step 2: Only a small amount of power and freedom. 1= Step 1: Almost no power or freedom to make decisions. 0= Not applicable","categorical","ordinal"
"farmer_agency_1","3",32,200,16,"farmer_agency_1","Step 3: Power and freedom to make some major life decisions.","farmer behaviour",NA,"farmer agency","Household decision-making agency: women","5= Step 5: Power and freedom to make all major life decisions. 4= Step 4: Power and freedom to make many major life decisions. 3= Step 3: Power and freedom to make some major life decisions. 2= Step 2: Only a small amount of power and freedom. 1= Step 1: Almost no power or freedom to make decisions. 0= Not applicable","categorical","ordinal"
"farmer_agency_1","4",97,200,48.5,"farmer_agency_1","Step 4: Power and freedom to make many major life decisions.","farmer behaviour",NA,"farmer agency","Household decision-making agency: women","5= Step 5: Power and freedom to make all major life decisions. 4= Step 4: Power and freedom to make many major life decisions. 3= Step 3: Power and freedom to make some major life decisions. 2= Step 2: Only a small amount of power and freedom. 1= Step 1: Almost no power or freedom to make decisions. 0= Not applicable","categorical","ordinal"
"farmer_agency_1","5",42,200,21,"farmer_agency_1","Step 5: Power and freedom to make all major life decisions.","farmer behaviour",NA,"farmer agency","Household decision-making agency: women","5= Step 5: Power and freedom to make all major life decisions. 4= Step 4: Power and freedom to make many major life decisions. 3= Step 3: Power and freedom to make some major life decisions. 2= Step 2: Only a small amount of power and freedom. 1= Step 1: Almost no power or freedom to make decisions. 0= Not applicable","categorical","ordinal"
"farmer_agency_1_3","2",5,200,2.5,"farmer_agency_1_3",NA,"farmer behaviour",NA,"farmer agency","Household decision-making agency: women and men","5= Step 5: Power and freedom to make all major life decisions. 4= Step 4: Power and freedom to make many major life decisions. 3= Step 3: Power and freedom to make some major life decisions. 2= Step 2: Only a small amount of power and freedom. 1= Step 1: Almost no power or freedom to make decisions. 0= Not applicable","categorical","ordinal"
"farmer_agency_1_3","3",14,200,7,"farmer_agency_1_3",NA,"farmer behaviour",NA,"farmer agency","Household decision-making agency: women and men","5= Step 5: Power and freedom to make all major life decisions. 4= Step 4: Power and freedom to make many major life decisions. 3= Step 3: Power and freedom to make some major life decisions. 2= Step 2: Only a small amount of power and freedom. 1= Step 1: Almost no power or freedom to make decisions. 0= Not applicable","categorical","ordinal"
"farmer_agency_1_3","4",138,200,69,"farmer_agency_1_3",NA,"farmer behaviour",NA,"farmer agency","Household decision-making agency: women and men","5= Step 5: Power and freedom to make all major life decisions. 4= Step 4: Power and freedom to make many major life decisions. 3= Step 3: Power and freedom to make some major life decisions. 2= Step 2: Only a small amount of power and freedom. 1= Step 1: Almost no power or freedom to make decisions. 0= Not applicable","categorical","ordinal"
"farmer_agency_1_3","5",43,200,21.5,"farmer_agency_1_3",NA,"farmer behaviour",NA,"farmer agency","Household decision-making agency: women and men","5= Step 5: Power and freedom to make all major life decisions. 4= Step 4: Power and freedom to make many major life decisions. 3= Step 3: Power and freedom to make some major life decisions. 2= Step 2: Only a small amount of power and freedom. 1= Step 1: Almost no power or freedom to make decisions. 0= Not applicable","categorical","ordinal"
"farmer_agency_3","0",9,200,4.5,"farmer_agency_3","Not applicable","farmer behaviour",NA,"farmer agency","Household decision-making agency: men","5= Step 5: Power and freedom to make all major life decisions. 4= Step 4: Power and freedom to make many major life decisions. 3= Step 3: Power and freedom to make some major life decisions. 2= Step 2: Only a small amount of power and freedom. 1= Step 1: Almost no power or freedom to make decisions. 0= Not applicable","categorical","ordinal"
"farmer_agency_3","2",3,200,1.5,"farmer_agency_3","Step 2: Only a small amount of power and freedom.","farmer behaviour",NA,"farmer agency","Household decision-making agency: men","5= Step 5: Power and freedom to make all major life decisions. 4= Step 4: Power and freedom to make many major life decisions. 3= Step 3: Power and freedom to make some major life decisions. 2= Step 2: Only a small amount of power and freedom. 1= Step 1: Almost no power or freedom to make decisions. 0= Not applicable","categorical","ordinal"
"farmer_agency_3","3",17,200,8.5,"farmer_agency_3","Step 3: Power and freedom to make some major life decisions.","farmer behaviour",NA,"farmer agency","Household decision-making agency: men","5= Step 5: Power and freedom to make all major life decisions. 4= Step 4: Power and freedom to make many major life decisions. 3= Step 3: Power and freedom to make some major life decisions. 2= Step 2: Only a small amount of power and freedom. 1= Step 1: Almost no power or freedom to make decisions. 0= Not applicable","categorical","ordinal"
"farmer_agency_3","4",102,200,51,"farmer_agency_3","Step 4: Power and freedom to make many major life decisions.","farmer behaviour",NA,"farmer agency","Household decision-making agency: men","5= Step 5: Power and freedom to make all major life decisions. 4= Step 4: Power and freedom to make many major life decisions. 3= Step 3: Power and freedom to make some major life decisions. 2= Step 2: Only a small amount of power and freedom. 1= Step 1: Almost no power or freedom to make decisions. 0= Not applicable","categorical","ordinal"
"farmer_agency_3","5",69,200,34.5,"farmer_agency_3","Step 5: Power and freedom to make all major life decisions.","farmer behaviour",NA,"farmer agency","Household decision-making agency: men","5= Step 5: Power and freedom to make all major life decisions. 4= Step 4: Power and freedom to make many major life decisions. 3= Step 3: Power and freedom to make some major life decisions. 2= Step 2: Only a small amount of power and freedom. 1= Step 1: Almost no power or freedom to make decisions. 0= Not applicable","categorical","ordinal"
"flood_experience_perception","0",104,200,52,"flood_experience_perception","No","biophysical","perception","drought","Drought experience","1= yes; 0= no; notsure= I am not sure","categorical","ordinal"
"flood_experience_perception","1",96,200,48,"flood_experience_perception","Yes","biophysical","perception","drought","Drought experience","1= yes; 0= no; notsure= I am not sure","categorical","ordinal"
"gender","0",62,200,31,"gender","Female","human capital","demographic","household head","Gender","1= male, 0= female","binary","NA"
"gender","1",138,200,69,"gender","Male","human capital","demographic","household head","Gender","1= male, 0= female","binary","NA"
"human_wellbeing","2",5,200,2.5,"human_wellbeing",NA,"farmer behaviour",NA,"human wellbeing","Human wellbeing score","5= Completely satisfied. 4= Somewhat satisfied. 3= Neutral. 2= Somewhat dissatisfied. 1=	Completely dissatisfied. 0= I don't know.","categorical","ordinal"
"human_wellbeing","3",65,200,32.5,"human_wellbeing",NA,"farmer behaviour",NA,"human wellbeing","Human wellbeing score","5= Completely satisfied. 4= Somewhat satisfied. 3= Neutral. 2= Somewhat dissatisfied. 1=	Completely dissatisfied. 0= I don't know.","categorical","ordinal"
"human_wellbeing","4",130,200,65,"human_wellbeing",NA,"farmer behaviour",NA,"human wellbeing","Human wellbeing score","5= Completely satisfied. 4= Somewhat satisfied. 3= Neutral. 2= Somewhat dissatisfied. 1=	Completely dissatisfied. 0= I don't know.","categorical","ordinal"
"human_wellbeing_1","1",2,200,1,"human_wellbeing_1","Completely dissatisfied.","farmer behaviour",NA,"human wellbeing","How satisfied are you with your life as a whole?","5= Completely satisfied. 4= Somewhat satisfied. 3= Neutral. 2= Somewhat dissatisfied. 1=	Completely dissatisfied. 0= I don't know.","categorical","ordinal"
"human_wellbeing_1","2",3,200,1.5,"human_wellbeing_1","Somewhat dissatisfied.","farmer behaviour",NA,"human wellbeing","How satisfied are you with your life as a whole?","5= Completely satisfied. 4= Somewhat satisfied. 3= Neutral. 2= Somewhat dissatisfied. 1=	Completely dissatisfied. 0= I don't know.","categorical","ordinal"
"human_wellbeing_1","3",12,200,6,"human_wellbeing_1","Neutral","farmer behaviour",NA,"human wellbeing","How satisfied are you with your life as a whole?","5= Completely satisfied. 4= Somewhat satisfied. 3= Neutral. 2= Somewhat dissatisfied. 1=	Completely dissatisfied. 0= I don't know.","categorical","ordinal"
"human_wellbeing_1","4",109,200,54.5,"human_wellbeing_1","Somewhat satisfied.","farmer behaviour",NA,"human wellbeing","How satisfied are you with your life as a whole?","5= Completely satisfied. 4= Somewhat satisfied. 3= Neutral. 2= Somewhat dissatisfied. 1=	Completely dissatisfied. 0= I don't know.","categorical","ordinal"
"human_wellbeing_1","5",74,200,37,"human_wellbeing_1","Completely satisfied.","farmer behaviour",NA,"human wellbeing","How satisfied are you with your life as a whole?","5= Completely satisfied. 4= Somewhat satisfied. 3= Neutral. 2= Somewhat dissatisfied. 1=	Completely dissatisfied. 0= I don't know.","categorical","ordinal"
"human_wellbeing_10","1",1,200,0.5,"human_wellbeing_10","Completely dissatisfied.","farmer behaviour",NA,"human wellbeing","How satisfied are you with the amount of time you have to do the things that you like doing?","5= Completely satisfied. 4= Somewhat satisfied. 3= Neutral. 2= Somewhat dissatisfied. 1=	Completely dissatisfied. 0= I don't know.","categorical","ordinal"
"human_wellbeing_10","2",3,200,1.5,"human_wellbeing_10","Somewhat dissatisfied.","farmer behaviour",NA,"human wellbeing","How satisfied are you with the amount of time you have to do the things that you like doing?","5= Completely satisfied. 4= Somewhat satisfied. 3= Neutral. 2= Somewhat dissatisfied. 1=	Completely dissatisfied. 0= I don't know.","categorical","ordinal"
"human_wellbeing_10","3",19,200,9.5,"human_wellbeing_10","Neutral","farmer behaviour",NA,"human wellbeing","How satisfied are you with the amount of time you have to do the things that you like doing?","5= Completely satisfied. 4= Somewhat satisfied. 3= Neutral. 2= Somewhat dissatisfied. 1=	Completely dissatisfied. 0= I don't know.","categorical","ordinal"
"human_wellbeing_10","4",144,200,72,"human_wellbeing_10","Somewhat satisfied.","farmer behaviour",NA,"human wellbeing","How satisfied are you with the amount of time you have to do the things that you like doing?","5= Completely satisfied. 4= Somewhat satisfied. 3= Neutral. 2= Somewhat dissatisfied. 1=	Completely dissatisfied. 0= I don't know.","categorical","ordinal"
"human_wellbeing_10","5",33,200,16.5,"human_wellbeing_10","Completely satisfied.","farmer behaviour",NA,"human wellbeing","How satisfied are you with the amount of time you have to do the things that you like doing?","5= Completely satisfied. 4= Somewhat satisfied. 3= Neutral. 2= Somewhat dissatisfied. 1=	Completely dissatisfied. 0= I don't know.","categorical","ordinal"
"human_wellbeing_11","1",1,200,0.5,"human_wellbeing_11","Completely dissatisfied.","farmer behaviour",NA,"human wellbeing","How satisfied are you with the quality of your local environment?","5= Completely satisfied. 4= Somewhat satisfied. 3= Neutral. 2= Somewhat dissatisfied. 1=	Completely dissatisfied. 0= I don't know.","categorical","ordinal"
"human_wellbeing_11","2",14,200,7,"human_wellbeing_11","Somewhat dissatisfied.","farmer behaviour",NA,"human wellbeing","How satisfied are you with the quality of your local environment?","5= Completely satisfied. 4= Somewhat satisfied. 3= Neutral. 2= Somewhat dissatisfied. 1=	Completely dissatisfied. 0= I don't know.","categorical","ordinal"
"human_wellbeing_11","3",55,200,27.5,"human_wellbeing_11","Neutral","farmer behaviour",NA,"human wellbeing","How satisfied are you with the quality of your local environment?","5= Completely satisfied. 4= Somewhat satisfied. 3= Neutral. 2= Somewhat dissatisfied. 1=	Completely dissatisfied. 0= I don't know.","categorical","ordinal"
"human_wellbeing_11","4",97,200,48.5,"human_wellbeing_11","Somewhat satisfied.","farmer behaviour",NA,"human wellbeing","How satisfied are you with the quality of your local environment?","5= Completely satisfied. 4= Somewhat satisfied. 3= Neutral. 2= Somewhat dissatisfied. 1=	Completely dissatisfied. 0= I don't know.","categorical","ordinal"
"human_wellbeing_11","5",33,200,16.5,"human_wellbeing_11","Completely satisfied.","farmer behaviour",NA,"human wellbeing","How satisfied are you with the quality of your local environment?","5= Completely satisfied. 4= Somewhat satisfied. 3= Neutral. 2= Somewhat dissatisfied. 1=	Completely dissatisfied. 0= I don't know.","categorical","ordinal"
"human_wellbeing_12","1",1,200,0.5,"human_wellbeing_12","Completely dissatisfied.","farmer behaviour",NA,"human wellbeing","How satisfied are you with your occupation?","5= Completely satisfied. 4= Somewhat satisfied. 3= Neutral. 2= Somewhat dissatisfied. 1=	Completely dissatisfied. 0= I don't know.","categorical","ordinal"
"human_wellbeing_12","2",13,200,6.5,"human_wellbeing_12","Somewhat dissatisfied.","farmer behaviour",NA,"human wellbeing","How satisfied are you with your occupation?","5= Completely satisfied. 4= Somewhat satisfied. 3= Neutral. 2= Somewhat dissatisfied. 1=	Completely dissatisfied. 0= I don't know.","categorical","ordinal"
"human_wellbeing_12","3",116,200,58,"human_wellbeing_12","Neutral","farmer behaviour",NA,"human wellbeing","How satisfied are you with your occupation?","5= Completely satisfied. 4= Somewhat satisfied. 3= Neutral. 2= Somewhat dissatisfied. 1=	Completely dissatisfied. 0= I don't know.","categorical","ordinal"
"human_wellbeing_12","4",70,200,35,"human_wellbeing_12","Somewhat satisfied.","farmer behaviour",NA,"human wellbeing","How satisfied are you with your occupation?","5= Completely satisfied. 4= Somewhat satisfied. 3= Neutral. 2= Somewhat dissatisfied. 1=	Completely dissatisfied. 0= I don't know.","categorical","ordinal"
"human_wellbeing_2","1",1,200,0.5,"human_wellbeing_2","Completely dissatisfied.","farmer behaviour",NA,"human wellbeing","How satisfied are you with your standard of living?","5= Completely satisfied. 4= Somewhat satisfied. 3= Neutral. 2= Somewhat dissatisfied. 1=	Completely dissatisfied. 0= I don't know.","categorical","ordinal"
"human_wellbeing_2","2",1,200,0.5,"human_wellbeing_2","Somewhat dissatisfied.","farmer behaviour",NA,"human wellbeing","How satisfied are you with your standard of living?","5= Completely satisfied. 4= Somewhat satisfied. 3= Neutral. 2= Somewhat dissatisfied. 1=	Completely dissatisfied. 0= I don't know.","categorical","ordinal"
"human_wellbeing_2","3",6,200,3,"human_wellbeing_2","Neutral","farmer behaviour",NA,"human wellbeing","How satisfied are you with your standard of living?","5= Completely satisfied. 4= Somewhat satisfied. 3= Neutral. 2= Somewhat dissatisfied. 1=	Completely dissatisfied. 0= I don't know.","categorical","ordinal"
"human_wellbeing_2","4",27,200,13.5,"human_wellbeing_2","Somewhat satisfied.","farmer behaviour",NA,"human wellbeing","How satisfied are you with your standard of living?","5= Completely satisfied. 4= Somewhat satisfied. 3= Neutral. 2= Somewhat dissatisfied. 1=	Completely dissatisfied. 0= I don't know.","categorical","ordinal"
"human_wellbeing_2","5",114,200,57,"human_wellbeing_2","Completely satisfied.","farmer behaviour",NA,"human wellbeing","How satisfied are you with your standard of living?","5= Completely satisfied. 4= Somewhat satisfied. 3= Neutral. 2= Somewhat dissatisfied. 1=	Completely dissatisfied. 0= I don't know.","categorical","ordinal"
"human_wellbeing_2","6",51,200,25.5,"human_wellbeing_2",NA,"farmer behaviour",NA,"human wellbeing","How satisfied are you with your standard of living?","5= Completely satisfied. 4= Somewhat satisfied. 3= Neutral. 2= Somewhat dissatisfied. 1=	Completely dissatisfied. 0= I don't know.","categorical","ordinal"
"human_wellbeing_3","1",2,200,1,"human_wellbeing_3","Completely dissatisfied.","farmer behaviour",NA,"human wellbeing","How satisfied are you with your health?","5= Completely satisfied. 4= Somewhat satisfied. 3= Neutral. 2= Somewhat dissatisfied. 1=	Completely dissatisfied. 0= I don't know.","categorical","ordinal"
"human_wellbeing_3","2",4,200,2,"human_wellbeing_3","Somewhat dissatisfied.","farmer behaviour",NA,"human wellbeing","How satisfied are you with your health?","5= Completely satisfied. 4= Somewhat satisfied. 3= Neutral. 2= Somewhat dissatisfied. 1=	Completely dissatisfied. 0= I don't know.","categorical","ordinal"
"human_wellbeing_3","3",25,200,12.5,"human_wellbeing_3","Neutral","farmer behaviour",NA,"human wellbeing","How satisfied are you with your health?","5= Completely satisfied. 4= Somewhat satisfied. 3= Neutral. 2= Somewhat dissatisfied. 1=	Completely dissatisfied. 0= I don't know.","categorical","ordinal"
"human_wellbeing_3","4",115,200,57.5,"human_wellbeing_3","Somewhat satisfied.","farmer behaviour",NA,"human wellbeing","How satisfied are you with your health?","5= Completely satisfied. 4= Somewhat satisfied. 3= Neutral. 2= Somewhat dissatisfied. 1=	Completely dissatisfied. 0= I don't know.","categorical","ordinal"
"human_wellbeing_3","5",54,200,27,"human_wellbeing_3","Completely satisfied.","farmer behaviour",NA,"human wellbeing","How satisfied are you with your health?","5= Completely satisfied. 4= Somewhat satisfied. 3= Neutral. 2= Somewhat dissatisfied. 1=	Completely dissatisfied. 0= I don't know.","categorical","ordinal"
"human_wellbeing_4","1",5,200,2.5,"human_wellbeing_4","Completely dissatisfied.","farmer behaviour",NA,"human wellbeing","How satisfied are you with what you are achieving in life?","5= Completely satisfied. 4= Somewhat satisfied. 3= Neutral. 2= Somewhat dissatisfied. 1=	Completely dissatisfied. 0= I don't know.","categorical","ordinal"
"human_wellbeing_4","2",23,200,11.5,"human_wellbeing_4","Somewhat dissatisfied.","farmer behaviour",NA,"human wellbeing","How satisfied are you with what you are achieving in life?","5= Completely satisfied. 4= Somewhat satisfied. 3= Neutral. 2= Somewhat dissatisfied. 1=	Completely dissatisfied. 0= I don't know.","categorical","ordinal"
"human_wellbeing_4","3",125,200,62.5,"human_wellbeing_4","Neutral","farmer behaviour",NA,"human wellbeing","How satisfied are you with what you are achieving in life?","5= Completely satisfied. 4= Somewhat satisfied. 3= Neutral. 2= Somewhat dissatisfied. 1=	Completely dissatisfied. 0= I don't know.","categorical","ordinal"
"human_wellbeing_4","4",47,200,23.5,"human_wellbeing_4","Somewhat satisfied.","farmer behaviour",NA,"human wellbeing","How satisfied are you with what you are achieving in life?","5= Completely satisfied. 4= Somewhat satisfied. 3= Neutral. 2= Somewhat dissatisfied. 1=	Completely dissatisfied. 0= I don't know.","categorical","ordinal"
"human_wellbeing_5","1",2,200,1,"human_wellbeing_5","Completely dissatisfied.","farmer behaviour",NA,"human wellbeing","How satisfied are you with your personal relationships?","5= Completely satisfied. 4= Somewhat satisfied. 3= Neutral. 2= Somewhat dissatisfied. 1=	Completely dissatisfied. 0= I don't know.","categorical","ordinal"
"human_wellbeing_5","2",21,200,10.5,"human_wellbeing_5","Somewhat dissatisfied.","farmer behaviour",NA,"human wellbeing","How satisfied are you with your personal relationships?","5= Completely satisfied. 4= Somewhat satisfied. 3= Neutral. 2= Somewhat dissatisfied. 1=	Completely dissatisfied. 0= I don't know.","categorical","ordinal"
"human_wellbeing_5","3",119,200,59.5,"human_wellbeing_5","Neutral","farmer behaviour",NA,"human wellbeing","How satisfied are you with your personal relationships?","5= Completely satisfied. 4= Somewhat satisfied. 3= Neutral. 2= Somewhat dissatisfied. 1=	Completely dissatisfied. 0= I don't know.","categorical","ordinal"
"human_wellbeing_5","4",58,200,29,"human_wellbeing_5","Somewhat satisfied.","farmer behaviour",NA,"human wellbeing","How satisfied are you with your personal relationships?","5= Completely satisfied. 4= Somewhat satisfied. 3= Neutral. 2= Somewhat dissatisfied. 1=	Completely dissatisfied. 0= I don't know.","categorical","ordinal"
"human_wellbeing_6","1",6,200,3,"human_wellbeing_6","Completely dissatisfied.","farmer behaviour",NA,"human wellbeing","How satisfied are you with how safe you feel?","5= Completely satisfied. 4= Somewhat satisfied. 3= Neutral. 2= Somewhat dissatisfied. 1=	Completely dissatisfied. 0= I don't know.","categorical","ordinal"
"human_wellbeing_6","2",52,200,26,"human_wellbeing_6","Somewhat dissatisfied.","farmer behaviour",NA,"human wellbeing","How satisfied are you with how safe you feel?","5= Completely satisfied. 4= Somewhat satisfied. 3= Neutral. 2= Somewhat dissatisfied. 1=	Completely dissatisfied. 0= I don't know.","categorical","ordinal"
"human_wellbeing_6","3",107,200,53.5,"human_wellbeing_6","Neutral","farmer behaviour",NA,"human wellbeing","How satisfied are you with how safe you feel?","5= Completely satisfied. 4= Somewhat satisfied. 3= Neutral. 2= Somewhat dissatisfied. 1=	Completely dissatisfied. 0= I don't know.","categorical","ordinal"
"human_wellbeing_6","4",35,200,17.5,"human_wellbeing_6","Somewhat satisfied.","farmer behaviour",NA,"human wellbeing","How satisfied are you with how safe you feel?","5= Completely satisfied. 4= Somewhat satisfied. 3= Neutral. 2= Somewhat dissatisfied. 1=	Completely dissatisfied. 0= I don't know.","categorical","ordinal"
"human_wellbeing_7","1",13,200,6.5,"human_wellbeing_7","Completely dissatisfied.","farmer behaviour",NA,"human wellbeing","How satisfied are you with feeling part of your community?","5= Completely satisfied. 4= Somewhat satisfied. 3= Neutral. 2= Somewhat dissatisfied. 1=	Completely dissatisfied. 0= I don't know.","categorical","ordinal"
"human_wellbeing_7","2",118,200,59,"human_wellbeing_7","Somewhat dissatisfied.","farmer behaviour",NA,"human wellbeing","How satisfied are you with feeling part of your community?","5= Completely satisfied. 4= Somewhat satisfied. 3= Neutral. 2= Somewhat dissatisfied. 1=	Completely dissatisfied. 0= I don't know.","categorical","ordinal"
"human_wellbeing_7","3",69,200,34.5,"human_wellbeing_7","Neutral","farmer behaviour",NA,"human wellbeing","How satisfied are you with feeling part of your community?","5= Completely satisfied. 4= Somewhat satisfied. 3= Neutral. 2= Somewhat dissatisfied. 1=	Completely dissatisfied. 0= I don't know.","categorical","ordinal"
"human_wellbeing_8","1",7,200,3.5,"human_wellbeing_8","Completely dissatisfied.","farmer behaviour",NA,"human wellbeing","How satisfied are you with your economic security?","5= Completely satisfied. 4= Somewhat satisfied. 3= Neutral. 2= Somewhat dissatisfied. 1=	Completely dissatisfied. 0= I don't know.","categorical","ordinal"
"human_wellbeing_8","2",45,200,22.5,"human_wellbeing_8","Somewhat dissatisfied.","farmer behaviour",NA,"human wellbeing","How satisfied are you with your economic security?","5= Completely satisfied. 4= Somewhat satisfied. 3= Neutral. 2= Somewhat dissatisfied. 1=	Completely dissatisfied. 0= I don't know.","categorical","ordinal"
"human_wellbeing_8","3",127,200,63.5,"human_wellbeing_8","Neutral","farmer behaviour",NA,"human wellbeing","How satisfied are you with your economic security?","5= Completely satisfied. 4= Somewhat satisfied. 3= Neutral. 2= Somewhat dissatisfied. 1=	Completely dissatisfied. 0= I don't know.","categorical","ordinal"
"human_wellbeing_8","4",21,200,10.5,"human_wellbeing_8","Somewhat satisfied.","farmer behaviour",NA,"human wellbeing","How satisfied are you with your economic security?","5= Completely satisfied. 4= Somewhat satisfied. 3= Neutral. 2= Somewhat dissatisfied. 1=	Completely dissatisfied. 0= I don't know.","categorical","ordinal"
"human_wellbeing_9","1",1,200,0.5,"human_wellbeing_9","Completely dissatisfied.","farmer behaviour",NA,"human wellbeing","How satisfied are you with your nutritional security?","5= Completely satisfied. 4= Somewhat satisfied. 3= Neutral. 2= Somewhat dissatisfied. 1=	Completely dissatisfied. 0= I don't know.","categorical","ordinal"
"human_wellbeing_9","2",1,200,0.5,"human_wellbeing_9","Somewhat dissatisfied.","farmer behaviour",NA,"human wellbeing","How satisfied are you with your nutritional security?","5= Completely satisfied. 4= Somewhat satisfied. 3= Neutral. 2= Somewhat dissatisfied. 1=	Completely dissatisfied. 0= I don't know.","categorical","ordinal"
"human_wellbeing_9","3",15,200,7.5,"human_wellbeing_9","Neutral","farmer behaviour",NA,"human wellbeing","How satisfied are you with your nutritional security?","5= Completely satisfied. 4= Somewhat satisfied. 3= Neutral. 2= Somewhat dissatisfied. 1=	Completely dissatisfied. 0= I don't know.","categorical","ordinal"
"human_wellbeing_9","4",155,200,77.5,"human_wellbeing_9","Somewhat satisfied.","farmer behaviour",NA,"human wellbeing","How satisfied are you with your nutritional security?","5= Completely satisfied. 4= Somewhat satisfied. 3= Neutral. 2= Somewhat dissatisfied. 1=	Completely dissatisfied. 0= I don't know.","categorical","ordinal"
"human_wellbeing_9","5",28,200,14,"human_wellbeing_9","Completely satisfied.","farmer behaviour",NA,"human wellbeing","How satisfied are you with your nutritional security?","5= Completely satisfied. 4= Somewhat satisfied. 3= Neutral. 2= Somewhat dissatisfied. 1=	Completely dissatisfied. 0= I don't know.","categorical","ordinal"
"income_sources","0",105,200,52.5,"income_sources","No","financial capital","income","adaptative capacity","Number of income sources","5: 3 or more sources; 2.5: 2 sources; 0: 1 source","categorical","ordinal"
"income_sources","2",71,200,35.5,"income_sources",NA,"financial capital","income","adaptative capacity","Number of income sources","5: 3 or more sources; 2.5: 2 sources; 0: 1 source","categorical","ordinal"
"income_sources","5",24,200,12,"income_sources",NA,"financial capital","income","adaptative capacity","Number of income sources","5: 3 or more sources; 2.5: 2 sources; 0: 1 source","categorical","ordinal"
"income_sources.casual_labour","0",188,200,94,"income_sources","No","financial capital","income","adaptative capacity","Number of income sources","5: 3 or more sources; 2.5: 2 sources; 0: 1 source","categorical","ordinal"
"income_sources.casual_labour","1",12,200,6,"income_sources","Yes","financial capital","income","adaptative capacity","Number of income sources","5: 3 or more sources; 2.5: 2 sources; 0: 1 source","categorical","ordinal"
"income_sources.crop","1",200,200,100,"income_sources","Yes","financial capital","income","adaptative capacity","Number of income sources","5: 3 or more sources; 2.5: 2 sources; 0: 1 source","categorical","ordinal"
"income_sources.fish","0",191,200,95.5,"income_sources","No","financial capital","income","adaptative capacity","Number of income sources","5: 3 or more sources; 2.5: 2 sources; 0: 1 source","categorical","ordinal"
"income_sources.fish","1",9,200,4.5,"income_sources","Yes","financial capital","income","adaptative capacity","Number of income sources","5: 3 or more sources; 2.5: 2 sources; 0: 1 source","categorical","ordinal"
"income_sources.leasing","0",199,200,99.5,"income_sources","No","financial capital","income","adaptative capacity","Number of income sources","5: 3 or more sources; 2.5: 2 sources; 0: 1 source","categorical","ordinal"
"income_sources.leasing","1",1,200,0.5,"income_sources","Yes","financial capital","income","adaptative capacity","Number of income sources","5: 3 or more sources; 2.5: 2 sources; 0: 1 source","categorical","ordinal"
"income_sources.livestock","0",141,200,70.5,"income_sources","No","financial capital","income","adaptative capacity","Number of income sources","5: 3 or more sources; 2.5: 2 sources; 0: 1 source","categorical","ordinal"
"income_sources.livestock","1",59,200,29.5,"income_sources","Yes","financial capital","income","adaptative capacity","Number of income sources","5: 3 or more sources; 2.5: 2 sources; 0: 1 source","categorical","ordinal"
"income_sources.other","0",177,200,88.5,"income_sources","No","financial capital","income","adaptative capacity","Number of income sources","5: 3 or more sources; 2.5: 2 sources; 0: 1 source","categorical","ordinal"
"income_sources.other","1",23,200,11.5,"income_sources","Yes","financial capital","income","adaptative capacity","Number of income sources","5: 3 or more sources; 2.5: 2 sources; 0: 1 source","categorical","ordinal"
"income_sources.other_business","0",192,200,96,"income_sources","No","financial capital","income","adaptative capacity","Number of income sources","5: 3 or more sources; 2.5: 2 sources; 0: 1 source","categorical","ordinal"
"income_sources.other_business","1",8,200,4,"income_sources","Yes","financial capital","income","adaptative capacity","Number of income sources","5: 3 or more sources; 2.5: 2 sources; 0: 1 source","categorical","ordinal"
"income_sources.subsidy","0",197,200,98.5,"income_sources","No","financial capital","income","adaptative capacity","Number of income sources","5: 3 or more sources; 2.5: 2 sources; 0: 1 source","categorical","ordinal"
"income_sources.subsidy","1",3,200,1.5,"income_sources","Yes","financial capital","income","adaptative capacity","Number of income sources","5: 3 or more sources; 2.5: 2 sources; 0: 1 source","categorical","ordinal"
"income_sources.transfers","0",195,200,97.5,"income_sources","No","financial capital","income","adaptative capacity","Number of income sources","5: 3 or more sources; 2.5: 2 sources; 0: 1 source","categorical","ordinal"
"income_sources.transfers","1",5,200,2.5,"income_sources","Yes","financial capital","income","adaptative capacity","Number of income sources","5: 3 or more sources; 2.5: 2 sources; 0: 1 source","categorical","ordinal"
"influence_nr_frequency","1",57,200,28.5,"influence_nr_frequency","Did not contribute in any decision.","social capital","governance","influence","Household influence in resource governance","5= Contribute to all the decisions.
4= Contribute to almost all the decisions.
3= Contribute to some decisions.
2= Contribute to few decisions.
1= Did not contribute in any decision.","categorical","ordinal"
"influence_nr_frequency","2",25,200,12.5,"influence_nr_frequency","Contribute to few decisions.","social capital","governance","influence","Household influence in resource governance","5= Contribute to all the decisions.
4= Contribute to almost all the decisions.
3= Contribute to some decisions.
2= Contribute to few decisions.
1= Did not contribute in any decision.","categorical","ordinal"
"influence_nr_frequency","3",47,200,23.5,"influence_nr_frequency","Contribute to some decisions.","social capital","governance","influence","Household influence in resource governance","5= Contribute to all the decisions.
4= Contribute to almost all the decisions.
3= Contribute to some decisions.
2= Contribute to few decisions.
1= Did not contribute in any decision.","categorical","ordinal"
"influence_nr_frequency","4",27,200,13.5,"influence_nr_frequency","Contribute to almost all the decisions.","social capital","governance","influence","Household influence in resource governance","5= Contribute to all the decisions.
4= Contribute to almost all the decisions.
3= Contribute to some decisions.
2= Contribute to few decisions.
1= Did not contribute in any decision.","categorical","ordinal"
"influence_nr_frequency","5",44,200,22,"influence_nr_frequency","Contribute to all the decisions.","social capital","governance","influence","Household influence in resource governance","5= Contribute to all the decisions.
4= Contribute to almost all the decisions.
3= Contribute to some decisions.
2= Contribute to few decisions.
1= Did not contribute in any decision.","categorical","ordinal"
"insurance_agric_losses_access","0",200,200,100,"insurance_agric_losses_access","No","P&I context","financial risk management","insurance","Access to insurance against agricultural losses","1= yes, 0= no","binary","NA"
"insurance_agric_losses_level","0",200,200,100,"insurance_agric_losses_level","No","P&I context","financial risk management","insurance","Level of protection against agricultural losses","1= Yes, fully covered, 2=	Yes, partially covered, 0= None","categorical","ordinal"
"irrigation","0",197,200,98.5,"irrigation","No","farm management characteristics","irrigation",NA,"Irrigation","1= yes, 0= no","binary","NA"
"irrigation","1",3,200,1.5,"irrigation","Yes","farm management characteristics","irrigation",NA,"Irrigation","1= yes, 0= no","binary","NA"
"land_tenure_hold_status","0",183,200,91.5,"land_tenure_hold_status","No","political and institutional context","land tenure","status","Land tenure status:  HOLDS USE RIGHTS, either alone or jointly with someone else","1= yes, 0= no","binary","NA"
"land_tenure_hold_status","1",17,200,8.5,"land_tenure_hold_status","Yes","political and institutional context","land tenure","status","Land tenure status:  HOLDS USE RIGHTS, either alone or jointly with someone else","1= yes, 0= no","binary","NA"
"land_tenure_lease_status","0",194,200,97,"land_tenure_lease_status","No","political and institutional context","land tenure","status","Land tenure status: Lease","1= yes, 0= no","binary","NA"
"land_tenure_lease_status","1",6,200,3,"land_tenure_lease_status","Yes","political and institutional context","land tenure","status","Land tenure status: Lease","1= yes, 0= no","binary","NA"
"land_tenure_own_status","0",8,200,4,"land_tenure_own_status","No","political and institutional context","land tenure","status","Land tenure status: Own","1= yes, 0= no","binary","NA"
"land_tenure_own_status","1",192,200,96,"land_tenure_own_status","Yes","political and institutional context","land tenure","status","Land tenure status: Own","1= yes, 0= no","binary","NA"
"land_tenure_security","4",1,200,0.5,"land_tenure_security","Slightly likely","political and institutional context/land tenure","land tenure","security","Perception of land tenure security","5= Not at all; 4= Slightly likely; 3= Moderately likely; 2= Very likely; 1= Extremely likely.","categorical","ordinal"
"land_tenure_security","5",199,200,99.5,"land_tenure_security","Not at all","political and institutional context/land tenure","land tenure","security","Perception of land tenure security","5= Not at all; 4= Slightly likely; 3= Moderately likely; 2= Very likely; 1= Extremely likely.","categorical","ordinal"
"land_tenure_status","1",192,200,96,"land_tenure_status","Yes","political and institutional context","land tenure","status","Land tenure status","1= owns, 2= only lease, 3= only holds use rights","categorical","nominal"
"land_tenure_status","3",8,200,4,"land_tenure_status",NA,"political and institutional context","land tenure","status","Land tenure status","1= owns, 2= only lease, 3= only holds use rights","categorical","nominal"
"marital_status","1",16,200,8,"marital_status","Single","human capital","demographic","household head","Marital status","3= Married; 2= Partner (not-married); 1= Single; 4= Divorced / Separated; 5= Widower; unknown= Prefer not to say; 6= Other (please specify)","categorical","nominal"
"marital_status","2",99,200,49.5,"marital_status","Partner (not-married)","human capital","demographic","household head","Marital status","3= Married; 2= Partner (not-married); 1= Single; 4= Divorced / Separated; 5= Widower; unknown= Prefer not to say; 6= Other (please specify)","categorical","nominal"
"marital_status","3",60,200,30,"marital_status","Married","human capital","demographic","household head","Marital status","3= Married; 2= Partner (not-married); 1= Single; 4= Divorced / Separated; 5= Widower; unknown= Prefer not to say; 6= Other (please specify)","categorical","nominal"
"marital_status","unknown",1,200,0.5,"marital_status","Prefer not to say","human capital","demographic","household head","Marital status","3= Married; 2= Partner (not-married); 1= Single; 4= Divorced / Separated; 5= Widower; unknown= Prefer not to say; 6= Other (please specify)","categorical","nominal"
"marital_status","4",8,200,4,"marital_status","Divorced / Separated","human capital","demographic","household head","Marital status","3= Married; 2= Partner (not-married); 1= Single; 4= Divorced / Separated; 5= Widower; unknown= Prefer not to say; 6= Other (please specify)","categorical","nominal"
"marital_status","5",16,200,8,"marital_status","Widower","human capital","demographic","household head","Marital status","3= Married; 2= Partner (not-married); 1= Single; 4= Divorced / Separated; 5= Widower; unknown= Prefer not to say; 6= Other (please specify)","categorical","nominal"
"membership","0",32,200,16,"membership","No","social capital","institutions","membership","Association/organization membership","1= yes, 0= no","binary","NA"
"membership","1",168,200,84,"membership","Yes","social capital","institutions","membership","Association/organization membership","1= yes, 0= no","binary","NA"
"membership.agricultural","0",195,200,97.5,"membership","No","social capital","institutions","membership","Association/organization membership","1= yes, 0= no","binary","NA"
"membership.agricultural","1",5,200,2.5,"membership","Yes","social capital","institutions","membership","Association/organization membership","1= yes, 0= no","binary","NA"
"membership.board","0",153,200,76.5,"membership","No","social capital","institutions","membership","Association/organization membership","1= yes, 0= no","binary","NA"
"membership.board","1",47,200,23.5,"membership","Yes","social capital","institutions","membership","Association/organization membership","1= yes, 0= no","binary","NA"
"membership.cooperative","0",145,200,72.5,"membership","No","social capital","institutions","membership","Association/organization membership","1= yes, 0= no","binary","NA"
"membership.cooperative","1",55,200,27.5,"membership","Yes","social capital","institutions","membership","Association/organization membership","1= yes, 0= no","binary","NA"
"membership.cultural","0",194,200,97,"membership","No","social capital","institutions","membership","Association/organization membership","1= yes, 0= no","binary","NA"
"membership.cultural","1",6,200,3,"membership","Yes","social capital","institutions","membership","Association/organization membership","1= yes, 0= no","binary","NA"
"membership.farmer","0",141,200,70.5,"membership","No","social capital","institutions","membership","Association/organization membership","1= yes, 0= no","binary","NA"
"membership.farmer","1",59,200,29.5,"membership","Yes","social capital","institutions","membership","Association/organization membership","1= yes, 0= no","binary","NA"
"membership.fpo","0",137,200,68.5,"membership","No","social capital","institutions","membership","Association/organization membership","1= yes, 0= no","binary","NA"
"membership.fpo","1",63,200,31.5,"membership","Yes","social capital","institutions","membership","Association/organization membership","1= yes, 0= no","binary","NA"
"membership.ngo","0",197,200,98.5,"membership","No","social capital","institutions","membership","Association/organization membership","1= yes, 0= no","binary","NA"
"membership.ngo","1",3,200,1.5,"membership","Yes","social capital","institutions","membership","Association/organization membership","1= yes, 0= no","binary","NA"
"membership.none","0",169,200,84.5,"membership","No","social capital","institutions","membership","Association/organization membership","1= yes, 0= no","binary","NA"
"membership.none","1",31,200,15.5,"membership","Yes","social capital","institutions","membership","Association/organization membership","1= yes, 0= no","binary","NA"
"membership.other","0",143,200,71.5,"membership","No","social capital","institutions","membership","Association/organization membership","1= yes, 0= no","binary","NA"
"membership.other","1",57,200,28.5,"membership","Yes","social capital","institutions","membership","Association/organization membership","1= yes, 0= no","binary","NA"
"membership.producer","0",199,200,99.5,"membership","No","social capital","institutions","membership","Association/organization membership","1= yes, 0= no","binary","NA"
"membership.producer","1",1,200,0.5,"membership","Yes","social capital","institutions","membership","Association/organization membership","1= yes, 0= no","binary","NA"
"membership.women","0",190,200,95,"membership","No","social capital","institutions","membership","Association/organization membership","1= yes, 0= no","binary","NA"
"membership.women","1",10,200,5,"membership","Yes","social capital","institutions","membership","Association/organization membership","1= yes, 0= no","binary","NA"
"nr_management_opinion","2",49,200,24.5,"nr_management_opinion","Poorly managed.","social capital","governance","management","Household perception of resource governance","5= Extremely well-managed.
4= Well-managed.
3= Moderately managed.
2= Poorly managed.
1= Not at all well-managed.","categorical","ordinal"
"nr_management_opinion","3",117,200,58.5,"nr_management_opinion","Moderately managed.","social capital","governance","management","Household perception of resource governance","5= Extremely well-managed.
4= Well-managed.
3= Moderately managed.
2= Poorly managed.
1= Not at all well-managed.","categorical","ordinal"
"nr_management_opinion","4",34,200,17,"nr_management_opinion","Well-managed.","social capital","governance","management","Household perception of resource governance","5= Extremely well-managed.
4= Well-managed.
3= Moderately managed.
2= Poorly managed.
1= Not at all well-managed.","categorical","ordinal"
"occupation_primary_farmer","0",4,200,2,"occupation_primary_farmer","No","human capital",NA,"household head","Farmer as a primary occupation","1= farmer, 0= otherwise","binary","NA"
"occupation_primary_farmer","1",196,200,98,"occupation_primary_farmer","Yes","human capital",NA,"household head","Farmer as a primary occupation","1= farmer, 0= otherwise","binary","NA"
"occupation_secondary","0",161,200,80.5,"occupation_secondary","No","human capital",NA,"household head","Farmer has a secondary occupation","1= yes, 0= no","binary","NA"
"occupation_secondary","1",39,200,19.5,"occupation_secondary","Yes","human capital",NA,"household head","Farmer has a secondary occupation","1= yes, 0= no","binary","NA"
"participation_nr_frequency","1",40,200,20,"participation_nr_frequency","Never participates.","social capital","governance","participation","Household participation in resource governance","5= Always participates.
4= Most of the times participates.
3= Sometimes participates.
2= Rarely participates.
1= Never participates.","categorical","ordinal"
"participation_nr_frequency","2",32,200,16,"participation_nr_frequency","Rarely participates.","social capital","governance","participation","Household participation in resource governance","5= Always participates.
4= Most of the times participates.
3= Sometimes participates.
2= Rarely participates.
1= Never participates.","categorical","ordinal"
"participation_nr_frequency","3",34,200,17,"participation_nr_frequency","Sometimes participates.","social capital","governance","participation","Household participation in resource governance","5= Always participates.
4= Most of the times participates.
3= Sometimes participates.
2= Rarely participates.
1= Never participates.","categorical","ordinal"
"participation_nr_frequency","4",30,200,15,"participation_nr_frequency","Most of the times participates.","social capital","governance","participation","Household participation in resource governance","5= Always participates.
4= Most of the times participates.
3= Sometimes participates.
2= Rarely participates.
1= Never participates.","categorical","ordinal"
"participation_nr_frequency","5",64,200,32,"participation_nr_frequency","Always participates.","social capital","governance","participation","Household participation in resource governance","5= Always participates.
4= Most of the times participates.
3= Sometimes participates.
2= Rarely participates.
1= Never participates.","categorical","ordinal"
"perception_associations_effectiveness","1",48,200,24,"perception_associations_effectiveness","Associations/organizations offer no support to farmers' businesses.","social capital","institutions","perception","Perception of association effectiveness","5= Associations/organizations demonstrate exceptional effectiveness in supporting farmers' business ventures, offering comprehensive assistance, fostering growth, and ensuring long-term success.
4= Associations/organizations play a significant role in supporting farmers' businesses, providing valuable resources, market opportunities, and essential services.
3= Associations/organizations offer satisfactory support to farmers, aiding them in various aspects of their businesses (e.g., market access, information sharing, and capacity development).
2= Associations/organizations provide limited support to farmers in business, with marginal impact on their overall success.
1= Associations/organizations offer no support to farmers' businesses.
i-dont-know= I don't know.","categorical","ordinal"
"perception_associations_effectiveness","2",51,200,25.5,"perception_associations_effectiveness","Associations/organizations provide limited support to farmers in business, with marginal impact on their overall success.","social capital","institutions","perception","Perception of association effectiveness","5= Associations/organizations demonstrate exceptional effectiveness in supporting farmers' business ventures, offering comprehensive assistance, fostering growth, and ensuring long-term success.
4= Associations/organizations play a significant role in supporting farmers' businesses, providing valuable resources, market opportunities, and essential services.
3= Associations/organizations offer satisfactory support to farmers, aiding them in various aspects of their businesses (e.g., market access, information sharing, and capacity development).
2= Associations/organizations provide limited support to farmers in business, with marginal impact on their overall success.
1= Associations/organizations offer no support to farmers' businesses.
i-dont-know= I don't know.","categorical","ordinal"
"perception_associations_effectiveness","3",21,200,10.5,"perception_associations_effectiveness","Associations/organizations offer satisfactory support to farmers, aiding them in various aspects of their businesses (e.g., market access, information sharing, and capacity development).","social capital","institutions","perception","Perception of association effectiveness","5= Associations/organizations demonstrate exceptional effectiveness in supporting farmers' business ventures, offering comprehensive assistance, fostering growth, and ensuring long-term success.
4= Associations/organizations play a significant role in supporting farmers' businesses, providing valuable resources, market opportunities, and essential services.
3= Associations/organizations offer satisfactory support to farmers, aiding them in various aspects of their businesses (e.g., market access, information sharing, and capacity development).
2= Associations/organizations provide limited support to farmers in business, with marginal impact on their overall success.
1= Associations/organizations offer no support to farmers' businesses.
i-dont-know= I don't know.","categorical","ordinal"
"perception_associations_effectiveness","4",27,200,13.5,"perception_associations_effectiveness","Associations/organizations play a significant role in supporting farmers' businesses, providing valuable resources, market opportunities, and essential services.","social capital","institutions","perception","Perception of association effectiveness","5= Associations/organizations demonstrate exceptional effectiveness in supporting farmers' business ventures, offering comprehensive assistance, fostering growth, and ensuring long-term success.
4= Associations/organizations play a significant role in supporting farmers' businesses, providing valuable resources, market opportunities, and essential services.
3= Associations/organizations offer satisfactory support to farmers, aiding them in various aspects of their businesses (e.g., market access, information sharing, and capacity development).
2= Associations/organizations provide limited support to farmers in business, with marginal impact on their overall success.
1= Associations/organizations offer no support to farmers' businesses.
i-dont-know= I don't know.","categorical","ordinal"
"perception_associations_effectiveness","5",6,200,3,"perception_associations_effectiveness","Associations/organizations demonstrate exceptional effectiveness in supporting farmers' business ventures, offering comprehensive assistance, fostering growth, and ensuring long-term success.","social capital","institutions","perception","Perception of association effectiveness","5= Associations/organizations demonstrate exceptional effectiveness in supporting farmers' business ventures, offering comprehensive assistance, fostering growth, and ensuring long-term success.
4= Associations/organizations play a significant role in supporting farmers' businesses, providing valuable resources, market opportunities, and essential services.
3= Associations/organizations offer satisfactory support to farmers, aiding them in various aspects of their businesses (e.g., market access, information sharing, and capacity development).
2= Associations/organizations provide limited support to farmers in business, with marginal impact on their overall success.
1= Associations/organizations offer no support to farmers' businesses.
i-dont-know= I don't know.","categorical","ordinal"
"perception_associations_effectiveness","i-dont-know",47,200,23.5,"perception_associations_effectiveness","I don't know.","social capital","institutions","perception","Perception of association effectiveness","5= Associations/organizations demonstrate exceptional effectiveness in supporting farmers' business ventures, offering comprehensive assistance, fostering growth, and ensuring long-term success.
4= Associations/organizations play a significant role in supporting farmers' businesses, providing valuable resources, market opportunities, and essential services.
3= Associations/organizations offer satisfactory support to farmers, aiding them in various aspects of their businesses (e.g., market access, information sharing, and capacity development).
2= Associations/organizations provide limited support to farmers in business, with marginal impact on their overall success.
1= Associations/organizations offer no support to farmers' businesses.
i-dont-know= I don't know.","categorical","ordinal"
"project_participation","0",153,200,76.5,"project_participation","No","social capital","networks",NA,"Participation in project","1= yes, 0= no","binary","NA"
"project_participation","1",47,200,23.5,"project_participation","Yes","social capital","networks",NA,"Participation in project","1= yes, 0= no","binary","NA"
"rainfall_amount_change_perception","0",2,200,1,"rainfall_amount_change_perception","No change","biophysical","perception","rainfall","Rainfall amount change","1= increased; 0= no change; -1=	decreased; unknown= I am not sure","categorical","ordinal"
"rainfall_amount_change_perception","1",84,200,42,"rainfall_amount_change_perception","Increased","biophysical","perception","rainfall","Rainfall amount change","1= increased; 0= no change; -1=	decreased; unknown= I am not sure","categorical","ordinal"
"rainfall_amount_change_perception","notsure",6,200,3,"rainfall_amount_change_perception","I am not sure","biophysical","perception","rainfall","Rainfall amount change","1= increased; 0= no change; -1=	decreased; unknown= I am not sure","categorical","ordinal"
"rainfall_amount_change_perception","-1",108,200,54,"rainfall_amount_change_perception","Decreased","biophysical","perception","rainfall","Rainfall amount change","1= increased; 0= no change; -1=	decreased; unknown= I am not sure","categorical","ordinal"
"rainfall_timing_change_perception.nochange","0",199,200,99.5,"rainfall_timing_change_perception","No","biophysical","perception","rainfall","Rainfall timing change","startlater= Rainfall starts later; startearlier= Rainfall starts earlier; stopearlier= Rainfall stops earlier; stoplater= Rainfall stops later; unpredictable= 	Rainfall start and/or stop are no longer predictable; nochange=  No change; notsure= I am not sure","categorical","nominal"
"rainfall_timing_change_perception.nochange","1",1,200,0.5,"rainfall_timing_change_perception","Yes","biophysical","perception","rainfall","Rainfall timing change","startlater= Rainfall starts later; startearlier= Rainfall starts earlier; stopearlier= Rainfall stops earlier; stoplater= Rainfall stops later; unpredictable= 	Rainfall start and/or stop are no longer predictable; nochange=  No change; notsure= I am not sure","categorical","nominal"
"rainfall_timing_change_perception.notsure","0",196,200,98,"rainfall_timing_change_perception","No","biophysical","perception","rainfall","Rainfall timing change","startlater= Rainfall starts later; startearlier= Rainfall starts earlier; stopearlier= Rainfall stops earlier; stoplater= Rainfall stops later; unpredictable= 	Rainfall start and/or stop are no longer predictable; nochange=  No change; notsure= I am not sure","categorical","nominal"
"rainfall_timing_change_perception.notsure","1",4,200,2,"rainfall_timing_change_perception","Yes","biophysical","perception","rainfall","Rainfall timing change","startlater= Rainfall starts later; startearlier= Rainfall starts earlier; stopearlier= Rainfall stops earlier; stoplater= Rainfall stops later; unpredictable= 	Rainfall start and/or stop are no longer predictable; nochange=  No change; notsure= I am not sure","categorical","nominal"
"rainfall_timing_change_perception.startearlier","0",139,200,69.5,"rainfall_timing_change_perception","No","biophysical","perception","rainfall","Rainfall timing change","startlater= Rainfall starts later; startearlier= Rainfall starts earlier; stopearlier= Rainfall stops earlier; stoplater= Rainfall stops later; unpredictable= 	Rainfall start and/or stop are no longer predictable; nochange=  No change; notsure= I am not sure","categorical","nominal"
"rainfall_timing_change_perception.startearlier","1",61,200,30.5,"rainfall_timing_change_perception","Yes","biophysical","perception","rainfall","Rainfall timing change","startlater= Rainfall starts later; startearlier= Rainfall starts earlier; stopearlier= Rainfall stops earlier; stoplater= Rainfall stops later; unpredictable= 	Rainfall start and/or stop are no longer predictable; nochange=  No change; notsure= I am not sure","categorical","nominal"
"rainfall_timing_change_perception.startlater","0",116,200,58,"rainfall_timing_change_perception","No","biophysical","perception","rainfall","Rainfall timing change","startlater= Rainfall starts later; startearlier= Rainfall starts earlier; stopearlier= Rainfall stops earlier; stoplater= Rainfall stops later; unpredictable= 	Rainfall start and/or stop are no longer predictable; nochange=  No change; notsure= I am not sure","categorical","nominal"
"rainfall_timing_change_perception.startlater","1",84,200,42,"rainfall_timing_change_perception","Yes","biophysical","perception","rainfall","Rainfall timing change","startlater= Rainfall starts later; startearlier= Rainfall starts earlier; stopearlier= Rainfall stops earlier; stoplater= Rainfall stops later; unpredictable= 	Rainfall start and/or stop are no longer predictable; nochange=  No change; notsure= I am not sure","categorical","nominal"
"rainfall_timing_change_perception.stopearlier","0",163,200,81.5,"rainfall_timing_change_perception","No","biophysical","perception","rainfall","Rainfall timing change","startlater= Rainfall starts later; startearlier= Rainfall starts earlier; stopearlier= Rainfall stops earlier; stoplater= Rainfall stops later; unpredictable= 	Rainfall start and/or stop are no longer predictable; nochange=  No change; notsure= I am not sure","categorical","nominal"
"rainfall_timing_change_perception.stopearlier","1",37,200,18.5,"rainfall_timing_change_perception","Yes","biophysical","perception","rainfall","Rainfall timing change","startlater= Rainfall starts later; startearlier= Rainfall starts earlier; stopearlier= Rainfall stops earlier; stoplater= Rainfall stops later; unpredictable= 	Rainfall start and/or stop are no longer predictable; nochange=  No change; notsure= I am not sure","categorical","nominal"
"rainfall_timing_change_perception.stoplater","0",158,200,79,"rainfall_timing_change_perception","No","biophysical","perception","rainfall","Rainfall timing change","startlater= Rainfall starts later; startearlier= Rainfall starts earlier; stopearlier= Rainfall stops earlier; stoplater= Rainfall stops later; unpredictable= 	Rainfall start and/or stop are no longer predictable; nochange=  No change; notsure= I am not sure","categorical","nominal"
"rainfall_timing_change_perception.stoplater","1",42,200,21,"rainfall_timing_change_perception","Yes","biophysical","perception","rainfall","Rainfall timing change","startlater= Rainfall starts later; startearlier= Rainfall starts earlier; stopearlier= Rainfall stops earlier; stoplater= Rainfall stops later; unpredictable= 	Rainfall start and/or stop are no longer predictable; nochange=  No change; notsure= I am not sure","categorical","nominal"
"rainfall_timing_change_perception.unpredictable","0",25,200,12.5,"rainfall_timing_change_perception","No","biophysical","perception","rainfall","Rainfall timing change","startlater= Rainfall starts later; startearlier= Rainfall starts earlier; stopearlier= Rainfall stops earlier; stoplater= Rainfall stops later; unpredictable= 	Rainfall start and/or stop are no longer predictable; nochange=  No change; notsure= I am not sure","categorical","nominal"
"rainfall_timing_change_perception.unpredictable","1",175,200,87.5,"rainfall_timing_change_perception","Yes","biophysical","perception","rainfall","Rainfall timing change","startlater= Rainfall starts later; startearlier= Rainfall starts earlier; stopearlier= Rainfall stops earlier; stoplater= Rainfall stops later; unpredictable= 	Rainfall start and/or stop are no longer predictable; nochange=  No change; notsure= I am not sure","categorical","nominal"
"read_write","0",3,200,1.5,"read_write","Can't read or write","human capital",NA,"household head","Farmer can read and write","3= Can read and write; 2= Can read only; 1= Can write only; 0= Can't read or write; unknown= Prefer not to say","categorical","ordinal"
"read_write","1",2,200,1,"read_write","Can write only","human capital",NA,"household head","Farmer can read and write","3= Can read and write; 2= Can read only; 1= Can write only; 0= Can't read or write; unknown= Prefer not to say","categorical","ordinal"
"read_write","2",1,200,0.5,"read_write","Can read only","human capital",NA,"household head","Farmer can read and write","3= Can read and write; 2= Can read only; 1= Can write only; 0= Can't read or write; unknown= Prefer not to say","categorical","ordinal"
"read_write","3",189,200,94.5,"read_write","Can read and write","human capital",NA,"household head","Farmer can read and write","3= Can read and write; 2= Can read only; 1= Can write only; 0= Can't read or write; unknown= Prefer not to say","categorical","ordinal"
"read_write","unknown",5,200,2.5,"read_write","Prefer not to say","human capital",NA,"household head","Farmer can read and write","3= Can read and write; 2= Can read only; 1= Can write only; 0= Can't read or write; unknown= Prefer not to say","categorical","ordinal"
"soil_erosion_perception","0",131,200,65.5,"soil_erosion_perception","Soil erosion is not a problem on my farm.","biophysical","perception","soil","Soil erosion","2= Soil erosion is a major problem on my farm; 1= Soil erosion is a minor problem on my farm; 0= Soil erosion is not a problem on my farm","categorical","ordinal"
"soil_erosion_perception","1",66,200,33,"soil_erosion_perception","Soil erosion is a minor problem on my farm.","biophysical","perception","soil","Soil erosion","2= Soil erosion is a major problem on my farm; 1= Soil erosion is a minor problem on my farm; 0= Soil erosion is not a problem on my farm","categorical","ordinal"
"soil_erosion_perception","2",3,200,1.5,"soil_erosion_perception","Soil erosion is a major problem on my farm.","biophysical","perception","soil","Soil erosion","2= Soil erosion is a major problem on my farm; 1= Soil erosion is a minor problem on my farm; 0= Soil erosion is not a problem on my farm","categorical","ordinal"
"soil_fertility_perception","1",30,200,15,"soil_fertility_perception","Low fertility","biophysical","perception","soil","Soil fertility","1= low fertility; 2= moderate fertility; 3= highly fertile","categorical","ordinal"
"soil_fertility_perception","2",125,200,62.5,"soil_fertility_perception","Moderate fertily","biophysical","perception","soil","Soil fertility","1= low fertility; 2= moderate fertility; 3= highly fertile","categorical","ordinal"
"soil_fertility_perception","3",45,200,22.5,"soil_fertility_perception","Highly fertile","biophysical","perception","soil","Soil fertility","1= low fertility; 2= moderate fertility; 3= highly fertile","categorical","ordinal"
"soil_slope_perception","0",138,200,69,"soil_slope_perception","Flat","biophysical","perception","soil","Soil slope","0= flat; 1= slightly steep; 2= moderately steep; 3= steep","categorical","ordinal"
"soil_slope_perception","1",40,200,20,"soil_slope_perception","Slightly steep","biophysical","perception","soil","Soil slope","0= flat; 1= slightly steep; 2= moderately steep; 3= steep","categorical","ordinal"
"soil_slope_perception","2",18,200,9,"soil_slope_perception","Moderately steep","biophysical","perception","soil","Soil slope","0= flat; 1= slightly steep; 2= moderately steep; 3= steep","categorical","ordinal"
"soil_slope_perception","3",4,200,2,"soil_slope_perception","Steep","biophysical","perception","soil","Soil slope","0= flat; 1= slightly steep; 2= moderately steep; 3= steep","categorical","ordinal"
"subsidies_agricultural_inputs","0",199,200,99.5,"subsidies_agricultural_inputs","No","political and institutional context","financial risk management","subsidies","Access to subsidies for agricultural inputs","1= yes, 0= no","binary","NA"
"subsidies_agricultural_inputs","1",1,200,0.5,"subsidies_agricultural_inputs","Yes","political and institutional context","financial risk management","subsidies","Access to subsidies for agricultural inputs","1= yes, 0= no","binary","NA"
"temperature_change_perception","1",200,200,100,"temperature_change_perception","Increased","biophysical","perception","temperature","Temperature change","1= increased; 0= no change; -1=	decreased; unknown= I am not sure","categorical","ordinal"
"training_participation","0",118,200,59,"training_participation","No","political and institutional context/knowledge","knowledge","training","Training participation","1= yes, 0= otherwise","binary","NA"
"training_participation","1",82,200,41,"training_participation","Yes","political and institutional context/knowledge","knowledge","training","Training participation","1= yes, 0= otherwise","binary","NA"
